
J_Speaker.elf:     file format elf32-avr

Sections:
Idx Name          Size      VMA       LMA       File off  Algn
  0 .data         000000bc  00800100  00001136  000011ca  2**0
                  CONTENTS, ALLOC, LOAD, DATA
  1 .text         00001136  00000000  00000000  00000094  2**1
                  CONTENTS, ALLOC, LOAD, READONLY, CODE
  2 .bss          00000032  008001bc  008001bc  00001286  2**0
                  ALLOC
  3 .comment      0000005c  00000000  00000000  00001286  2**0
                  CONTENTS, READONLY
  4 .note.gnu.avr.deviceinfo 0000003c  00000000  00000000  000012e4  2**2
                  CONTENTS, READONLY
  5 .debug_aranges 00000178  00000000  00000000  00001320  2**0
                  CONTENTS, READONLY, DEBUGGING
  6 .debug_info   00001eaf  00000000  00000000  00001498  2**0
                  CONTENTS, READONLY, DEBUGGING
  7 .debug_abbrev 00000e4e  00000000  00000000  00003347  2**0
                  CONTENTS, READONLY, DEBUGGING
  8 .debug_line   0000114d  00000000  00000000  00004195  2**0
                  CONTENTS, READONLY, DEBUGGING
  9 .debug_frame  00000400  00000000  00000000  000052e4  2**2
                  CONTENTS, READONLY, DEBUGGING
 10 .debug_str    000006fb  00000000  00000000  000056e4  2**0
                  CONTENTS, READONLY, DEBUGGING
 11 .debug_loc    00000f1d  00000000  00000000  00005ddf  2**0
                  CONTENTS, READONLY, DEBUGGING
 12 .debug_ranges 00000158  00000000  00000000  00006cfc  2**0
                  CONTENTS, READONLY, DEBUGGING

Disassembly of section .text:

00000000 <__vectors>:
       0:	45 c0       	rjmp	.+138    	; 0x8c <__ctors_end>
       2:	00 00       	nop
       4:	61 c0       	rjmp	.+194    	; 0xc8 <__bad_interrupt>
       6:	00 00       	nop
       8:	5f c0       	rjmp	.+190    	; 0xc8 <__bad_interrupt>
       a:	00 00       	nop
       c:	5d c0       	rjmp	.+186    	; 0xc8 <__bad_interrupt>
       e:	00 00       	nop
      10:	5b c0       	rjmp	.+182    	; 0xc8 <__bad_interrupt>
      12:	00 00       	nop
      14:	86 c4       	rjmp	.+2316   	; 0x922 <__vector_5>
      16:	00 00       	nop
      18:	b6 c2       	rjmp	.+1388   	; 0x586 <__vector_6>
      1a:	00 00       	nop
      1c:	55 c0       	rjmp	.+170    	; 0xc8 <__bad_interrupt>
      1e:	00 00       	nop
      20:	53 c0       	rjmp	.+166    	; 0xc8 <__bad_interrupt>
      22:	00 00       	nop
      24:	51 c0       	rjmp	.+162    	; 0xc8 <__bad_interrupt>
      26:	00 00       	nop
      28:	4f c0       	rjmp	.+158    	; 0xc8 <__bad_interrupt>
      2a:	00 00       	nop
      2c:	4d c0       	rjmp	.+154    	; 0xc8 <__bad_interrupt>
      2e:	00 00       	nop
      30:	4b c0       	rjmp	.+150    	; 0xc8 <__bad_interrupt>
      32:	00 00       	nop
      34:	49 c0       	rjmp	.+146    	; 0xc8 <__bad_interrupt>
      36:	00 00       	nop
      38:	47 c0       	rjmp	.+142    	; 0xc8 <__bad_interrupt>
      3a:	00 00       	nop
      3c:	45 c0       	rjmp	.+138    	; 0xc8 <__bad_interrupt>
      3e:	00 00       	nop
      40:	b2 c1       	rjmp	.+868    	; 0x3a6 <__vector_16>
      42:	00 00       	nop
      44:	41 c0       	rjmp	.+130    	; 0xc8 <__bad_interrupt>
      46:	00 00       	nop
      48:	3f c0       	rjmp	.+126    	; 0xc8 <__bad_interrupt>
      4a:	00 00       	nop
      4c:	3d c0       	rjmp	.+122    	; 0xc8 <__bad_interrupt>
      4e:	00 00       	nop
      50:	3b c0       	rjmp	.+118    	; 0xc8 <__bad_interrupt>
      52:	00 00       	nop
      54:	39 c0       	rjmp	.+114    	; 0xc8 <__bad_interrupt>
      56:	00 00       	nop
      58:	37 c0       	rjmp	.+110    	; 0xc8 <__bad_interrupt>
      5a:	00 00       	nop
      5c:	35 c0       	rjmp	.+106    	; 0xc8 <__bad_interrupt>
      5e:	00 00       	nop
      60:	33 c0       	rjmp	.+102    	; 0xc8 <__bad_interrupt>
      62:	00 00       	nop
      64:	31 c0       	rjmp	.+98     	; 0xc8 <__bad_interrupt>
      66:	00 00       	nop
      68:	2f c0       	rjmp	.+94     	; 0xc8 <__bad_interrupt>
      6a:	00 00       	nop
      6c:	2d c0       	rjmp	.+90     	; 0xc8 <__bad_interrupt>
      6e:	00 00       	nop
      70:	2b c0       	rjmp	.+86     	; 0xc8 <__bad_interrupt>
      72:	00 00       	nop
      74:	29 c0       	rjmp	.+82     	; 0xc8 <__bad_interrupt>
      76:	00 00       	nop
      78:	27 c0       	rjmp	.+78     	; 0xc8 <__bad_interrupt>
      7a:	00 00       	nop
      7c:	25 c0       	rjmp	.+74     	; 0xc8 <__bad_interrupt>
      7e:	00 00       	nop
      80:	23 c0       	rjmp	.+70     	; 0xc8 <__bad_interrupt>
      82:	00 00       	nop
      84:	21 c0       	rjmp	.+66     	; 0xc8 <__bad_interrupt>
      86:	00 00       	nop
      88:	1f c0       	rjmp	.+62     	; 0xc8 <__bad_interrupt>
	...

0000008c <__ctors_end>:
      8c:	11 24       	eor	r1, r1
      8e:	1f be       	out	0x3f, r1	; 63
      90:	cf ef       	ldi	r28, 0xFF	; 255
      92:	d0 e1       	ldi	r29, 0x10	; 16
      94:	de bf       	out	0x3e, r29	; 62
      96:	cd bf       	out	0x3d, r28	; 61

00000098 <__do_copy_data>:
      98:	11 e0       	ldi	r17, 0x01	; 1
      9a:	a0 e0       	ldi	r26, 0x00	; 0
      9c:	b1 e0       	ldi	r27, 0x01	; 1
      9e:	e6 e3       	ldi	r30, 0x36	; 54
      a0:	f1 e1       	ldi	r31, 0x11	; 17
      a2:	00 e0       	ldi	r16, 0x00	; 0
      a4:	0b bf       	out	0x3b, r16	; 59
      a6:	02 c0       	rjmp	.+4      	; 0xac <__do_copy_data+0x14>
      a8:	07 90       	elpm	r0, Z+
      aa:	0d 92       	st	X+, r0
      ac:	ac 3b       	cpi	r26, 0xBC	; 188
      ae:	b1 07       	cpc	r27, r17
      b0:	d9 f7       	brne	.-10     	; 0xa8 <__do_copy_data+0x10>

000000b2 <__do_clear_bss>:
      b2:	21 e0       	ldi	r18, 0x01	; 1
      b4:	ac eb       	ldi	r26, 0xBC	; 188
      b6:	b1 e0       	ldi	r27, 0x01	; 1
      b8:	01 c0       	rjmp	.+2      	; 0xbc <.do_clear_bss_start>

000000ba <.do_clear_bss_loop>:
      ba:	1d 92       	st	X+, r1

000000bc <.do_clear_bss_start>:
      bc:	ae 3e       	cpi	r26, 0xEE	; 238
      be:	b2 07       	cpc	r27, r18
      c0:	e1 f7       	brne	.-8      	; 0xba <.do_clear_bss_loop>
      c2:	d4 d4       	rcall	.+2472   	; 0xa6c <main>
      c4:	0c 94 99 08 	jmp	0x1132	; 0x1132 <_exit>

000000c8 <__bad_interrupt>:
      c8:	9b cf       	rjmp	.-202    	; 0x0 <__vectors>

000000ca <DFR0781_init>:

#include "BLE_DFR0781/DFR0781.h"
#include <avr/io.h>

void DFR0781_init(void){
	UCSR1A=0x00;
      ca:	10 92 9b 00 	sts	0x009B, r1	; 0x80009b <__TEXT_REGION_LENGTH__+0x7e009b>
	UCSR1B=0x18; //송수신부 동작 on으로 설정
      ce:	88 e1       	ldi	r24, 0x18	; 24
      d0:	80 93 9a 00 	sts	0x009A, r24	; 0x80009a <__TEXT_REGION_LENGTH__+0x7e009a>
	UCSR1C=0x06; // 통신 비트수 8bit 설정
      d4:	86 e0       	ldi	r24, 0x06	; 6
      d6:	80 93 9d 00 	sts	0x009D, r24	; 0x80009d <__TEXT_REGION_LENGTH__+0x7e009d>
	UBRR1H=0x00;
      da:	10 92 98 00 	sts	0x0098, r1	; 0x800098 <__TEXT_REGION_LENGTH__+0x7e0098>
	UBRR1L=8;  //115200전송속도 사용
      de:	88 e0       	ldi	r24, 0x08	; 8
      e0:	80 93 99 00 	sts	0x0099, r24	; 0x800099 <__TEXT_REGION_LENGTH__+0x7e0099>
      e4:	08 95       	ret

000000e6 <tx_1>:
	//UBRR1H = 0;
	//UBRR1L = 103;  //속도 9600으로 설정
}
void tx_1(char data){ //보드로 보내기
	while(!(UCSR1A & 0x20));
      e6:	90 91 9b 00 	lds	r25, 0x009B	; 0x80009b <__TEXT_REGION_LENGTH__+0x7e009b>
      ea:	95 ff       	sbrs	r25, 5
      ec:	fc cf       	rjmp	.-8      	; 0xe6 <tx_1>
	UDR1=data;
      ee:	80 93 9c 00 	sts	0x009C, r24	; 0x80009c <__TEXT_REGION_LENGTH__+0x7e009c>
      f2:	08 95       	ret

000000f4 <rx_1>:
}
char rx_1(){
	while(!(UCSR1A & 0x80));
      f4:	80 91 9b 00 	lds	r24, 0x009B	; 0x80009b <__TEXT_REGION_LENGTH__+0x7e009b>
      f8:	88 23       	and	r24, r24
      fa:	e4 f7       	brge	.-8      	; 0xf4 <rx_1>
	return UDR1;
      fc:	80 91 9c 00 	lds	r24, 0x009C	; 0x80009c <__TEXT_REGION_LENGTH__+0x7e009c>
}
     100:	08 95       	ret

00000102 <DFR_Tx_Data>:
void DFR_Tx_Data(char *str)
{
     102:	cf 93       	push	r28
     104:	df 93       	push	r29
     106:	ec 01       	movw	r28, r24
	while(*str) {
     108:	02 c0       	rjmp	.+4      	; 0x10e <DFR_Tx_Data+0xc>
		tx_1(*str++);
     10a:	21 96       	adiw	r28, 0x01	; 1
     10c:	ec df       	rcall	.-40     	; 0xe6 <tx_1>
	while(!(UCSR1A & 0x80));
	return UDR1;
}
void DFR_Tx_Data(char *str)
{
	while(*str) {
     10e:	88 81       	ld	r24, Y
     110:	81 11       	cpse	r24, r1
     112:	fb cf       	rjmp	.-10     	; 0x10a <DFR_Tx_Data+0x8>
		tx_1(*str++);
	}
}
     114:	df 91       	pop	r29
     116:	cf 91       	pop	r28
     118:	08 95       	ret

0000011a <i2c_start>:
#include <avr/io.h>

void i2c_start(uint8_t address, int hz, int RW)
{//이 함수 사용시 보낼 기기의 데이터와 주소 필요
	// RW가 0이면 쓰기 / RW가 1이면 읽기
	TWBR = hz;
     11a:	60 93 70 00 	sts	0x0070, r22	; 0x800070 <__TEXT_REGION_LENGTH__+0x7e0070>
	TWCR = (1 << TWINT) | (1<<TWSTA) | (1<<TWEN); //TWINT의 비트를 1로 세팅하면 TWINT의 비트가 0이 된다.
     11e:	94 ea       	ldi	r25, 0xA4	; 164
     120:	90 93 74 00 	sts	0x0074, r25	; 0x800074 <__TEXT_REGION_LENGTH__+0x7e0074>
	//TWSTA : start 비트 1로 set, TWEN : TWI 활성화
	while(!(TWCR & (1<<TWINT))); //위에서 1이 되었던 TWINT 비트가 1이 될때 까지 반복문을 돌면서 대기
     124:	90 91 74 00 	lds	r25, 0x0074	; 0x800074 <__TEXT_REGION_LENGTH__+0x7e0074>
     128:	99 23       	and	r25, r25
     12a:	e4 f7       	brge	.-8      	; 0x124 <i2c_start+0xa>
	//start 비트가 보내지면 TWINT비트가 1이 된다.
	if(RW == 0){ address = address | 0x00;} // RW가 0이면 쓰기
	if(RW == 1){ address = address | 0x01; } // RW가 1이면 읽기
     12c:	41 30       	cpi	r20, 0x01	; 1
     12e:	51 05       	cpc	r21, r1
     130:	09 f4       	brne	.+2      	; 0x134 <i2c_start+0x1a>
     132:	81 60       	ori	r24, 0x01	; 1
	TWDR = address; //위에서 start비트를 보냈으므로 주소와 읽기/쓰기 비트 전송
     134:	80 93 73 00 	sts	0x0073, r24	; 0x800073 <__TEXT_REGION_LENGTH__+0x7e0073>
	TWCR = (1<<TWINT) | (1<<TWEN); //위에서 start비트를 보냈으므로 start비트는 제외하고 데이터 전송
     138:	84 e8       	ldi	r24, 0x84	; 132
     13a:	80 93 74 00 	sts	0x0074, r24	; 0x800074 <__TEXT_REGION_LENGTH__+0x7e0074>
	while(!(TWCR & (1<<TWINT))); //위에서 1이 되었던 TWINT 비트가 1이 될때 까지 반복문을 돌면서 대기
     13e:	80 91 74 00 	lds	r24, 0x0074	; 0x800074 <__TEXT_REGION_LENGTH__+0x7e0074>
     142:	88 23       	and	r24, r24
     144:	e4 f7       	brge	.-8      	; 0x13e <i2c_start+0x24>
	//ack펄스가 올때 까지 대기 ack펄스가 오면 TWINT 를 1로 셋
}
     146:	08 95       	ret

00000148 <i2c_stop>:
void i2c_stop(void)
{
	TWCR = (1<<TWINT) | (1<<TWEN) | (1<<TWSTO);
     148:	84 e9       	ldi	r24, 0x94	; 148
     14a:	80 93 74 00 	sts	0x0074, r24	; 0x800074 <__TEXT_REGION_LENGTH__+0x7e0074>
     14e:	08 95       	ret

00000150 <i2c_init>:
	//스탑비트 보내기 위해 TWINT를 1, TWEN TWI활성화, TWSTO stop비트 전송
}
void i2c_init(void)
{
	DDRD = 0x03; //I2C를 사용하기 위해서 SCL, SCA포트 활성화
     150:	83 e0       	ldi	r24, 0x03	; 3
     152:	81 bb       	out	0x11, r24	; 17
	PORTD |= (1 << 0) | (1 << 1);  //I2C를 사용하기 위해서 SCL, SCA포트 활성화
     154:	82 b3       	in	r24, 0x12	; 18
     156:	83 60       	ori	r24, 0x03	; 3
     158:	82 bb       	out	0x12, r24	; 18
     15a:	08 95       	ret

0000015c <i2c_transmit>:
}
void i2c_transmit(uint8_t data) //1byte
{
	TWDR = data; //데이전송
     15c:	80 93 73 00 	sts	0x0073, r24	; 0x800073 <__TEXT_REGION_LENGTH__+0x7e0073>
	TWCR = (1<<TWINT) | (1<<TWEN); //데이터 전송
     160:	84 e8       	ldi	r24, 0x84	; 132
     162:	80 93 74 00 	sts	0x0074, r24	; 0x800074 <__TEXT_REGION_LENGTH__+0x7e0074>
	while(!(TWCR & (1<<TWINT))); //데이터 전송후 ack펄스가 올때 까지 대기 ack펄스가 오면 TWINT 를 1로 셋
     166:	80 91 74 00 	lds	r24, 0x0074	; 0x800074 <__TEXT_REGION_LENGTH__+0x7e0074>
     16a:	88 23       	and	r24, r24
     16c:	e4 f7       	brge	.-8      	; 0x166 <i2c_transmit+0xa>
}
     16e:	08 95       	ret

00000170 <i2c_lcd_command_4bit>:
	i2c_lcd_command(0x01); _delay_ms(3); // clear display
	i2c_lcd_command(0x06); _delay_ms(50);
}

void i2c_lcd_command_4bit(uint8_t command) //4bit 명령어 
{
     170:	0f 93       	push	r16
     172:	1f 93       	push	r17
     174:	cf 93       	push	r28
     176:	df 93       	push	r29
     178:	00 d0       	rcall	.+0      	; 0x17a <i2c_lcd_command_4bit+0xa>
     17a:	cd b7       	in	r28, 0x3d	; 61
     17c:	de b7       	in	r29, 0x3e	; 62
	uint8_t c_buf[2];
	
	c_buf[0] = (command&0xf0) | RS0_EN1 | Backlight;  //명령어 전송, 데이터의 시작을 알리기 위해 EN1, Backlight on
     17e:	80 7f       	andi	r24, 0xF0	; 240
     180:	98 2f       	mov	r25, r24
     182:	9c 60       	ori	r25, 0x0C	; 12
     184:	99 83       	std	Y+1, r25	; 0x01
	c_buf[1] = (command&0XF0) | RS0_EN0 | Backlight; //명령어 전송, 데이터의 끝을 알리기 위해 EN0, Backlight on
     186:	88 60       	ori	r24, 0x08	; 8
     188:	8a 83       	std	Y+2, r24	; 0x02
													//데이터의 시작과 끝을 명확하게 하기 위해서 EN비트를 사용하고 같은 내용을 2번 보낸다.
	i2c_start(LCD_PCF8574_Address,speed,0); //start비트 전송및 주소전송
     18a:	40 e0       	ldi	r20, 0x00	; 0
     18c:	50 e0       	ldi	r21, 0x00	; 0
     18e:	68 e4       	ldi	r22, 0x48	; 72
     190:	70 e0       	ldi	r23, 0x00	; 0
     192:	8e e4       	ldi	r24, 0x4E	; 78
     194:	c2 df       	rcall	.-124    	; 0x11a <i2c_start>
	for(int i = 0; i < 2; i++)
     196:	00 e0       	ldi	r16, 0x00	; 0
     198:	10 e0       	ldi	r17, 0x00	; 0
     19a:	10 c0       	rjmp	.+32     	; 0x1bc <i2c_lcd_command_4bit+0x4c>
	{
		i2c_transmit(c_buf[i]);
     19c:	e1 e0       	ldi	r30, 0x01	; 1
     19e:	f0 e0       	ldi	r31, 0x00	; 0
     1a0:	ec 0f       	add	r30, r28
     1a2:	fd 1f       	adc	r31, r29
     1a4:	e0 0f       	add	r30, r16
     1a6:	f1 1f       	adc	r31, r17
     1a8:	80 81       	ld	r24, Z
     1aa:	d8 df       	rcall	.-80     	; 0x15c <i2c_transmit>
	#else
		//round up by default
		__ticks_dc = (uint32_t)(ceil(fabs(__tmp)));
	#endif

	__builtin_avr_delay_cycles(__ticks_dc);
     1ac:	8f e9       	ldi	r24, 0x9F	; 159
     1ae:	9f e0       	ldi	r25, 0x0F	; 15
     1b0:	01 97       	sbiw	r24, 0x01	; 1
     1b2:	f1 f7       	brne	.-4      	; 0x1b0 <i2c_lcd_command_4bit+0x40>
     1b4:	00 c0       	rjmp	.+0      	; 0x1b6 <i2c_lcd_command_4bit+0x46>
     1b6:	00 00       	nop
	
	c_buf[0] = (command&0xf0) | RS0_EN1 | Backlight;  //명령어 전송, 데이터의 시작을 알리기 위해 EN1, Backlight on
	c_buf[1] = (command&0XF0) | RS0_EN0 | Backlight; //명령어 전송, 데이터의 끝을 알리기 위해 EN0, Backlight on
													//데이터의 시작과 끝을 명확하게 하기 위해서 EN비트를 사용하고 같은 내용을 2번 보낸다.
	i2c_start(LCD_PCF8574_Address,speed,0); //start비트 전송및 주소전송
	for(int i = 0; i < 2; i++)
     1b8:	0f 5f       	subi	r16, 0xFF	; 255
     1ba:	1f 4f       	sbci	r17, 0xFF	; 255
     1bc:	02 30       	cpi	r16, 0x02	; 2
     1be:	11 05       	cpc	r17, r1
	{
		i2c_transmit(c_buf[i]);
		_delay_ms(1);
	}
	i2c_stop();  //stop비트 전송
     1c0:	6c f3       	brlt	.-38     	; 0x19c <i2c_lcd_command_4bit+0x2c>
     1c2:	c2 df       	rcall	.-124    	; 0x148 <i2c_stop>
}
     1c4:	0f 90       	pop	r0
     1c6:	0f 90       	pop	r0
     1c8:	df 91       	pop	r29
     1ca:	cf 91       	pop	r28
     1cc:	1f 91       	pop	r17
     1ce:	0f 91       	pop	r16
     1d0:	08 95       	ret

000001d2 <i2c_lcd_command>:

void i2c_lcd_command(uint8_t command) //8bit 명령어
{
     1d2:	0f 93       	push	r16
     1d4:	1f 93       	push	r17
     1d6:	cf 93       	push	r28
     1d8:	df 93       	push	r29
     1da:	00 d0       	rcall	.+0      	; 0x1dc <i2c_lcd_command+0xa>
     1dc:	00 d0       	rcall	.+0      	; 0x1de <i2c_lcd_command+0xc>
     1de:	cd b7       	in	r28, 0x3d	; 61
     1e0:	de b7       	in	r29, 0x3e	; 62
	uint8_t c_buf[4];
	
	c_buf[0] = (command&0xf0) | RS0_EN1 | Backlight;
     1e2:	98 2f       	mov	r25, r24
     1e4:	90 7f       	andi	r25, 0xF0	; 240
     1e6:	29 2f       	mov	r18, r25
     1e8:	2c 60       	ori	r18, 0x0C	; 12
     1ea:	29 83       	std	Y+1, r18	; 0x01
	c_buf[1] = (command&0XF0) | RS0_EN0 | Backlight;
     1ec:	98 60       	ori	r25, 0x08	; 8
     1ee:	9a 83       	std	Y+2, r25	; 0x02
	c_buf[2] = ((command<<4)&0XF0) | RS0_EN1 |Backlight;
     1f0:	20 e1       	ldi	r18, 0x10	; 16
     1f2:	82 9f       	mul	r24, r18
     1f4:	c0 01       	movw	r24, r0
     1f6:	11 24       	eor	r1, r1
     1f8:	98 2f       	mov	r25, r24
     1fa:	9c 60       	ori	r25, 0x0C	; 12
     1fc:	9b 83       	std	Y+3, r25	; 0x03
	c_buf[3] = ((command<<4)&0XF0) | RS0_EN0 |Backlight;
     1fe:	88 60       	ori	r24, 0x08	; 8
     200:	8c 83       	std	Y+4, r24	; 0x04
	
	i2c_start(LCD_PCF8574_Address,speed,0);
     202:	40 e0       	ldi	r20, 0x00	; 0
     204:	50 e0       	ldi	r21, 0x00	; 0
     206:	68 e4       	ldi	r22, 0x48	; 72
     208:	70 e0       	ldi	r23, 0x00	; 0
     20a:	8e e4       	ldi	r24, 0x4E	; 78
     20c:	86 df       	rcall	.-244    	; 0x11a <i2c_start>
	for(int i = 0; i < 4; i++)
     20e:	00 e0       	ldi	r16, 0x00	; 0
     210:	10 e0       	ldi	r17, 0x00	; 0
     212:	10 c0       	rjmp	.+32     	; 0x234 <i2c_lcd_command+0x62>
	{
		i2c_transmit(c_buf[i]);
     214:	e1 e0       	ldi	r30, 0x01	; 1
     216:	f0 e0       	ldi	r31, 0x00	; 0
     218:	ec 0f       	add	r30, r28
     21a:	fd 1f       	adc	r31, r29
     21c:	e0 0f       	add	r30, r16
     21e:	f1 1f       	adc	r31, r17
     220:	80 81       	ld	r24, Z
     222:	9c df       	rcall	.-200    	; 0x15c <i2c_transmit>
     224:	8f e9       	ldi	r24, 0x9F	; 159
     226:	9f e0       	ldi	r25, 0x0F	; 15
     228:	01 97       	sbiw	r24, 0x01	; 1
     22a:	f1 f7       	brne	.-4      	; 0x228 <i2c_lcd_command+0x56>
     22c:	00 c0       	rjmp	.+0      	; 0x22e <i2c_lcd_command+0x5c>
     22e:	00 00       	nop
	c_buf[1] = (command&0XF0) | RS0_EN0 | Backlight;
	c_buf[2] = ((command<<4)&0XF0) | RS0_EN1 |Backlight;
	c_buf[3] = ((command<<4)&0XF0) | RS0_EN0 |Backlight;
	
	i2c_start(LCD_PCF8574_Address,speed,0);
	for(int i = 0; i < 4; i++)
     230:	0f 5f       	subi	r16, 0xFF	; 255
     232:	1f 4f       	sbci	r17, 0xFF	; 255
     234:	04 30       	cpi	r16, 0x04	; 4
     236:	11 05       	cpc	r17, r1
	{
		i2c_transmit(c_buf[i]);
		_delay_ms(1);
	}
	i2c_stop();
     238:	6c f3       	brlt	.-38     	; 0x214 <i2c_lcd_command+0x42>
     23a:	86 df       	rcall	.-244    	; 0x148 <i2c_stop>
}
     23c:	0f 90       	pop	r0
     23e:	0f 90       	pop	r0
     240:	0f 90       	pop	r0
     242:	0f 90       	pop	r0
     244:	df 91       	pop	r29
     246:	cf 91       	pop	r28
     248:	1f 91       	pop	r17
     24a:	0f 91       	pop	r16
     24c:	08 95       	ret

0000024e <i2c_lcd_init>:
     24e:	2f ef       	ldi	r18, 0xFF	; 255
     250:	80 e7       	ldi	r24, 0x70	; 112
     252:	92 e0       	ldi	r25, 0x02	; 2
     254:	21 50       	subi	r18, 0x01	; 1
     256:	80 40       	sbci	r24, 0x00	; 0
     258:	90 40       	sbci	r25, 0x00	; 0
     25a:	e1 f7       	brne	.-8      	; 0x254 <i2c_lcd_init+0x6>
     25c:	00 c0       	rjmp	.+0      	; 0x25e <i2c_lcd_init+0x10>
     25e:	00 00       	nop
#define Backlight 0x08  //Backlight on

void i2c_lcd_init(void) {
	
	_delay_ms(50);
	i2c_lcd_command_4bit(0x30); _delay_ms(15);
     260:	80 e3       	ldi	r24, 0x30	; 48
     262:	86 df       	rcall	.-244    	; 0x170 <i2c_lcd_command_4bit>
     264:	8f e5       	ldi	r24, 0x5F	; 95
     266:	9a ee       	ldi	r25, 0xEA	; 234
     268:	01 97       	sbiw	r24, 0x01	; 1
     26a:	f1 f7       	brne	.-4      	; 0x268 <i2c_lcd_init+0x1a>
     26c:	00 c0       	rjmp	.+0      	; 0x26e <i2c_lcd_init+0x20>
     26e:	00 00       	nop
	i2c_lcd_command_4bit(0x30); _delay_ms(5);
     270:	80 e3       	ldi	r24, 0x30	; 48
     272:	7e df       	rcall	.-260    	; 0x170 <i2c_lcd_command_4bit>
     274:	8f e1       	ldi	r24, 0x1F	; 31
     276:	9e e4       	ldi	r25, 0x4E	; 78
     278:	01 97       	sbiw	r24, 0x01	; 1
     27a:	f1 f7       	brne	.-4      	; 0x278 <i2c_lcd_init+0x2a>
     27c:	00 c0       	rjmp	.+0      	; 0x27e <i2c_lcd_init+0x30>
	i2c_lcd_command_4bit(0x30); _delay_us(100);
     27e:	00 00       	nop
     280:	80 e3       	ldi	r24, 0x30	; 48
     282:	76 df       	rcall	.-276    	; 0x170 <i2c_lcd_command_4bit>
	#else
		//round up by default
		__ticks_dc = (uint32_t)(ceil(fabs(__tmp)));
	#endif

	__builtin_avr_delay_cycles(__ticks_dc);
     284:	8f e8       	ldi	r24, 0x8F	; 143
     286:	91 e0       	ldi	r25, 0x01	; 1
     288:	01 97       	sbiw	r24, 0x01	; 1
     28a:	f1 f7       	brne	.-4      	; 0x288 <i2c_lcd_init+0x3a>
     28c:	00 c0       	rjmp	.+0      	; 0x28e <i2c_lcd_init+0x40>
	i2c_lcd_command_4bit(0x20); _delay_us(50);
     28e:	00 00       	nop
     290:	80 e2       	ldi	r24, 0x20	; 32
     292:	6e df       	rcall	.-292    	; 0x170 <i2c_lcd_command_4bit>
     294:	87 ec       	ldi	r24, 0xC7	; 199
     296:	90 e0       	ldi	r25, 0x00	; 0
     298:	01 97       	sbiw	r24, 0x01	; 1
     29a:	f1 f7       	brne	.-4      	; 0x298 <i2c_lcd_init+0x4a>
     29c:	00 c0       	rjmp	.+0      	; 0x29e <i2c_lcd_init+0x50>
	/*LCD 초기화 포맷(양식)이 위와 같은 4bit 데이터를 4번 전선한 후에 아래와 같은 8비트 명령어를 
	  보내서 LCD를 포맷한다 */

	i2c_lcd_command(0x28); _delay_us(50);
     29e:	00 00       	nop
     2a0:	88 e2       	ldi	r24, 0x28	; 40
     2a2:	97 df       	rcall	.-210    	; 0x1d2 <i2c_lcd_command>
     2a4:	87 ec       	ldi	r24, 0xC7	; 199
     2a6:	90 e0       	ldi	r25, 0x00	; 0
     2a8:	01 97       	sbiw	r24, 0x01	; 1
     2aa:	f1 f7       	brne	.-4      	; 0x2a8 <i2c_lcd_init+0x5a>
     2ac:	00 c0       	rjmp	.+0      	; 0x2ae <i2c_lcd_init+0x60>
	i2c_lcd_command(0x0c); _delay_us(50); // display on/off control
     2ae:	00 00       	nop
     2b0:	8c e0       	ldi	r24, 0x0C	; 12
     2b2:	8f df       	rcall	.-226    	; 0x1d2 <i2c_lcd_command>
     2b4:	87 ec       	ldi	r24, 0xC7	; 199
     2b6:	90 e0       	ldi	r25, 0x00	; 0
     2b8:	01 97       	sbiw	r24, 0x01	; 1
     2ba:	f1 f7       	brne	.-4      	; 0x2b8 <i2c_lcd_init+0x6a>
     2bc:	00 c0       	rjmp	.+0      	; 0x2be <i2c_lcd_init+0x70>
											//글자보임, 커서 안보임, 커서 안깜빡임
	i2c_lcd_command(0x01); _delay_ms(3); // clear display
     2be:	00 00       	nop
     2c0:	81 e0       	ldi	r24, 0x01	; 1
     2c2:	87 df       	rcall	.-242    	; 0x1d2 <i2c_lcd_command>
	#else
		//round up by default
		__ticks_dc = (uint32_t)(ceil(fabs(__tmp)));
	#endif

	__builtin_avr_delay_cycles(__ticks_dc);
     2c4:	8f ed       	ldi	r24, 0xDF	; 223
     2c6:	9e e2       	ldi	r25, 0x2E	; 46
     2c8:	01 97       	sbiw	r24, 0x01	; 1
     2ca:	f1 f7       	brne	.-4      	; 0x2c8 <i2c_lcd_init+0x7a>
     2cc:	00 c0       	rjmp	.+0      	; 0x2ce <i2c_lcd_init+0x80>
	i2c_lcd_command(0x06); _delay_ms(50);
     2ce:	00 00       	nop
     2d0:	86 e0       	ldi	r24, 0x06	; 6
     2d2:	7f df       	rcall	.-258    	; 0x1d2 <i2c_lcd_command>
     2d4:	9f ef       	ldi	r25, 0xFF	; 255
     2d6:	20 e7       	ldi	r18, 0x70	; 112
     2d8:	82 e0       	ldi	r24, 0x02	; 2
     2da:	91 50       	subi	r25, 0x01	; 1
     2dc:	20 40       	sbci	r18, 0x00	; 0
     2de:	80 40       	sbci	r24, 0x00	; 0
     2e0:	e1 f7       	brne	.-8      	; 0x2da <i2c_lcd_init+0x8c>
     2e2:	00 c0       	rjmp	.+0      	; 0x2e4 <i2c_lcd_init+0x96>
     2e4:	00 00       	nop
     2e6:	08 95       	ret

000002e8 <i2c_lcd_data>:
		i2c_transmit(c_buf[i]);
		_delay_ms(1);
	}
	i2c_stop();
}
void i2c_lcd_data(uint8_t data) {  //8bit 데이터
     2e8:	0f 93       	push	r16
     2ea:	1f 93       	push	r17
     2ec:	cf 93       	push	r28
     2ee:	df 93       	push	r29
     2f0:	00 d0       	rcall	.+0      	; 0x2f2 <i2c_lcd_data+0xa>
     2f2:	00 d0       	rcall	.+0      	; 0x2f4 <i2c_lcd_data+0xc>
     2f4:	cd b7       	in	r28, 0x3d	; 61
     2f6:	de b7       	in	r29, 0x3e	; 62
	uint8_t d_buf[4];

	d_buf[0] = (data & 0xF0) | RS1_EN1 | Backlight;
     2f8:	98 2f       	mov	r25, r24
     2fa:	90 7f       	andi	r25, 0xF0	; 240
     2fc:	29 2f       	mov	r18, r25
     2fe:	2d 60       	ori	r18, 0x0D	; 13
     300:	29 83       	std	Y+1, r18	; 0x01
	d_buf[1] = (data & 0xF0) | RS1_EN0 | Backlight;
     302:	99 60       	ori	r25, 0x09	; 9
     304:	9a 83       	std	Y+2, r25	; 0x02
	d_buf[2] = ((data << 4) & 0xF0) | RS1_EN1 | Backlight;
     306:	20 e1       	ldi	r18, 0x10	; 16
     308:	82 9f       	mul	r24, r18
     30a:	c0 01       	movw	r24, r0
     30c:	11 24       	eor	r1, r1
     30e:	98 2f       	mov	r25, r24
     310:	9d 60       	ori	r25, 0x0D	; 13
     312:	9b 83       	std	Y+3, r25	; 0x03
	d_buf[3] = ((data << 4) & 0xF0) | RS1_EN0 | Backlight;
     314:	89 60       	ori	r24, 0x09	; 9
     316:	8c 83       	std	Y+4, r24	; 0x04

	i2c_start(LCD_PCF8574_Address,speed,0);
     318:	40 e0       	ldi	r20, 0x00	; 0
     31a:	50 e0       	ldi	r21, 0x00	; 0
     31c:	68 e4       	ldi	r22, 0x48	; 72
     31e:	70 e0       	ldi	r23, 0x00	; 0
     320:	8e e4       	ldi	r24, 0x4E	; 78
     322:	fb de       	rcall	.-522    	; 0x11a <i2c_start>
	for(int i = 0; i < 4; i++)
     324:	00 e0       	ldi	r16, 0x00	; 0
     326:	10 e0       	ldi	r17, 0x00	; 0
     328:	10 c0       	rjmp	.+32     	; 0x34a <i2c_lcd_data+0x62>
	{
		i2c_transmit(d_buf[i]);
     32a:	e1 e0       	ldi	r30, 0x01	; 1
     32c:	f0 e0       	ldi	r31, 0x00	; 0
     32e:	ec 0f       	add	r30, r28
     330:	fd 1f       	adc	r31, r29
     332:	e0 0f       	add	r30, r16
     334:	f1 1f       	adc	r31, r17
     336:	80 81       	ld	r24, Z
     338:	11 df       	rcall	.-478    	; 0x15c <i2c_transmit>
     33a:	8f e9       	ldi	r24, 0x9F	; 159
     33c:	9f e0       	ldi	r25, 0x0F	; 15
     33e:	01 97       	sbiw	r24, 0x01	; 1
     340:	f1 f7       	brne	.-4      	; 0x33e <i2c_lcd_data+0x56>
     342:	00 c0       	rjmp	.+0      	; 0x344 <i2c_lcd_data+0x5c>
     344:	00 00       	nop
	d_buf[1] = (data & 0xF0) | RS1_EN0 | Backlight;
	d_buf[2] = ((data << 4) & 0xF0) | RS1_EN1 | Backlight;
	d_buf[3] = ((data << 4) & 0xF0) | RS1_EN0 | Backlight;

	i2c_start(LCD_PCF8574_Address,speed,0);
	for(int i = 0; i < 4; i++)
     346:	0f 5f       	subi	r16, 0xFF	; 255
     348:	1f 4f       	sbci	r17, 0xFF	; 255
     34a:	04 30       	cpi	r16, 0x04	; 4
     34c:	11 05       	cpc	r17, r1
	{
		i2c_transmit(d_buf[i]);
		_delay_ms(1);
	}
	i2c_stop();
     34e:	6c f3       	brlt	.-38     	; 0x32a <i2c_lcd_data+0x42>
     350:	fb de       	rcall	.-522    	; 0x148 <i2c_stop>
}
     352:	0f 90       	pop	r0
     354:	0f 90       	pop	r0
     356:	0f 90       	pop	r0
     358:	0f 90       	pop	r0
     35a:	df 91       	pop	r29
     35c:	cf 91       	pop	r28
     35e:	1f 91       	pop	r17
     360:	0f 91       	pop	r16
     362:	08 95       	ret

00000364 <i2c_lcd_write_string>:

void i2c_lcd_write_string(char *string) { // 문자열을 함수 i2c_lcd_data로 전송
     364:	cf 93       	push	r28
     366:	df 93       	push	r29
     368:	ec 01       	movw	r28, r24
	while (*string) {
     36a:	02 c0       	rjmp	.+4      	; 0x370 <i2c_lcd_write_string+0xc>
		i2c_lcd_data(*string++);
     36c:	21 96       	adiw	r28, 0x01	; 1
     36e:	bc df       	rcall	.-136    	; 0x2e8 <i2c_lcd_data>
	}
	i2c_stop();
}

void i2c_lcd_write_string(char *string) { // 문자열을 함수 i2c_lcd_data로 전송
	while (*string) {
     370:	88 81       	ld	r24, Y
     372:	81 11       	cpse	r24, r1
     374:	fb cf       	rjmp	.-10     	; 0x36c <i2c_lcd_write_string+0x8>
		i2c_lcd_data(*string++);
	}
}
     376:	df 91       	pop	r29
     378:	cf 91       	pop	r28
     37a:	08 95       	ret

0000037c <i2c_lcd_goto_XY>:
void i2c_lcd_goto_XY(uint8_t row, uint8_t col)
{
	uint8_t address = (0x40 * row) + col;
     37c:	90 e4       	ldi	r25, 0x40	; 64
     37e:	89 9f       	mul	r24, r25
     380:	60 0d       	add	r22, r0
     382:	11 24       	eor	r1, r1
     384:	86 2f       	mov	r24, r22
	uint8_t command = 0x80 | address;
	
	i2c_lcd_command(command);
     386:	80 68       	ori	r24, 0x80	; 128
     388:	24 cf       	rjmp	.-440    	; 0x1d2 <i2c_lcd_command>
     38a:	08 95       	ret

0000038c <interrupt_init>:
	return UDR0;
}*/
////////////////////////디버깅용////////////////////////
////////////////////////인터럽트, 타이머////////////////////////
void interrupt_init(void){
	EIMSK = 0x30;  //INT4, INT5 사용
     38c:	80 e3       	ldi	r24, 0x30	; 48
     38e:	89 bf       	out	0x39, r24	; 57
	EICRA = 0x00;  //
     390:	10 92 6a 00 	sts	0x006A, r1	; 0x80006a <__TEXT_REGION_LENGTH__+0x7e006a>
	EICRB = 0x01;  //INT4는 논리적 변경 발생시 인터럽트 사용 즉 HIGH, LOW 둘다 인터럽트 발생
     394:	81 e0       	ldi	r24, 0x01	; 1
     396:	8a bf       	out	0x3a, r24	; 58
	sei();
     398:	78 94       	sei
     39a:	08 95       	ret

0000039c <timer_counter_init>:
}
void timer_counter_init(){
		TCCR0 = 0x04;   //Normal모드로 동작, OCn핀 출력 연결을 끊음, 프리스케일러값  64분주
     39c:	84 e0       	ldi	r24, 0x04	; 4
     39e:	83 bf       	out	0x33, r24	; 51
		TIMSK = 0x01;   //TCNT값이 255이면 오버플로 인터럽트 사용
     3a0:	81 e0       	ldi	r24, 0x01	; 1
     3a2:	87 bf       	out	0x37, r24	; 55
     3a4:	08 95       	ret

000003a6 <__vector_16>:
		//TCNT0 = 0x06;   //정확한 1ms를 카운터 하기 위해서 TCNT0의 시작 값을 6부터 시작, 250까지 카운트 될시에 1ms
}
ISR(TIMER0_OVF_vect){  //TCNT0을 아래서 설정한 6 ~ 255까지 카운터 후 256이 되는 순간 인터럽트 발생, 인터럽트가 1번 발생할때 마다 1ms 즉 1000번 발생하면 1초 / 인터럽트 문법은 암기
     3a6:	1f 92       	push	r1
     3a8:	0f 92       	push	r0
     3aa:	0f b6       	in	r0, 0x3f	; 63
     3ac:	0f 92       	push	r0
     3ae:	11 24       	eor	r1, r1
     3b0:	8f 93       	push	r24
     3b2:	9f 93       	push	r25
	//if(counter>100) counter = 0; //counter변수의 오버플로 방지
	if(button_press) counter++;
     3b4:	80 91 e4 01 	lds	r24, 0x01E4	; 0x8001e4 <button_press>
     3b8:	88 23       	and	r24, r24
     3ba:	49 f0       	breq	.+18     	; 0x3ce <__vector_16+0x28>
     3bc:	80 91 e5 01 	lds	r24, 0x01E5	; 0x8001e5 <counter>
     3c0:	90 91 e6 01 	lds	r25, 0x01E6	; 0x8001e6 <counter+0x1>
     3c4:	01 96       	adiw	r24, 0x01	; 1
     3c6:	90 93 e6 01 	sts	0x01E6, r25	; 0x8001e6 <counter+0x1>
     3ca:	80 93 e5 01 	sts	0x01E5, r24	; 0x8001e5 <counter>
}
     3ce:	9f 91       	pop	r25
     3d0:	8f 91       	pop	r24
     3d2:	0f 90       	pop	r0
     3d4:	0f be       	out	0x3f, r0	; 63
     3d6:	0f 90       	pop	r0
     3d8:	1f 90       	pop	r1
     3da:	18 95       	reti

000003dc <USBPlay_mode_change>:
			i2c_lcd_goto_XY(1,13);//커서 위치 설정
			i2c_lcd_write_string(" x1");//이름 출력
			clearn_hz_arr();
		 } 
}
void USBPlay_mode_change(char mode){//USB모드에서만 작동
     3dc:	cf 93       	push	r28
     3de:	c8 2f       	mov	r28, r24
	if(mode==0){
     3e0:	81 11       	cpse	r24, r1
     3e2:	09 c0       	rjmp	.+18     	; 0x3f6 <USBPlay_mode_change+0x1a>
		DFR_Tx_Data("AT+AC00\r\n"); //일반 재생
     3e4:	85 e0       	ldi	r24, 0x05	; 5
     3e6:	91 e0       	ldi	r25, 0x01	; 1
     3e8:	8c de       	rcall	.-744    	; 0x102 <DFR_Tx_Data>
		i2c_lcd_goto_XY(0,13);
     3ea:	6d e0       	ldi	r22, 0x0D	; 13
     3ec:	80 e0       	ldi	r24, 0x00	; 0
     3ee:	c6 df       	rcall	.-116    	; 0x37c <i2c_lcd_goto_XY>
		i2c_lcd_write_string("Re");
     3f0:	8f e0       	ldi	r24, 0x0F	; 15
     3f2:	91 e0       	ldi	r25, 0x01	; 1
     3f4:	b7 df       	rcall	.-146    	; 0x364 <i2c_lcd_write_string>
	}
	if(mode==1){
     3f6:	c1 30       	cpi	r28, 0x01	; 1
		DFR_Tx_Data("AT+AC02\r\n");//한곡재생
     3f8:	49 f4       	brne	.+18     	; 0x40c <__LOCK_REGION_LENGTH__+0xc>
     3fa:	82 e1       	ldi	r24, 0x12	; 18
     3fc:	91 e0       	ldi	r25, 0x01	; 1
		i2c_lcd_goto_XY(0,13);
     3fe:	81 de       	rcall	.-766    	; 0x102 <DFR_Tx_Data>
     400:	6d e0       	ldi	r22, 0x0D	; 13
     402:	80 e0       	ldi	r24, 0x00	; 0
		i2c_lcd_write_string("On");
     404:	bb df       	rcall	.-138    	; 0x37c <i2c_lcd_goto_XY>
     406:	8c e1       	ldi	r24, 0x1C	; 28
     408:	91 e0       	ldi	r25, 0x01	; 1
	}
	if(mode==2){
     40a:	ac df       	rcall	.-168    	; 0x364 <i2c_lcd_write_string>
		DFR_Tx_Data("AT+AC03\r\n");//랜던 재생
     40c:	c2 30       	cpi	r28, 0x02	; 2
     40e:	49 f4       	brne	.+18     	; 0x422 <__LOCK_REGION_LENGTH__+0x22>
     410:	8f e1       	ldi	r24, 0x1F	; 31
		i2c_lcd_goto_XY(0,13);
     412:	91 e0       	ldi	r25, 0x01	; 1
     414:	76 de       	rcall	.-788    	; 0x102 <DFR_Tx_Data>
     416:	6d e0       	ldi	r22, 0x0D	; 13
     418:	80 e0       	ldi	r24, 0x00	; 0
		i2c_lcd_write_string("Ra");
     41a:	b0 df       	rcall	.-160    	; 0x37c <i2c_lcd_goto_XY>
     41c:	89 e2       	ldi	r24, 0x29	; 41
     41e:	91 e0       	ldi	r25, 0x01	; 1
     420:	a1 df       	rcall	.-190    	; 0x364 <i2c_lcd_write_string>
	}
}
     422:	cf 91       	pop	r28
     424:	08 95       	ret

00000426 <Mode_State_LCD_set>:
		_delay_ms(500);
}  
////////////////////////인터럽트, 타이머////////////////////////

void Mode_State_LCD_set(){
	if(Mode == 0){	//BLE모드
     426:	80 91 e7 01 	lds	r24, 0x01E7	; 0x8001e7 <Mode>
     42a:	81 11       	cpse	r24, r1
     42c:	08 c0       	rjmp	.+16     	; 0x43e <Mode_State_LCD_set+0x18>
		i2c_lcd_command(0x01); //화면 초기화
     42e:	81 e0       	ldi	r24, 0x01	; 1
     430:	d0 de       	rcall	.-608    	; 0x1d2 <i2c_lcd_command>
		i2c_lcd_write_string("MODE: ");
     432:	8c e2       	ldi	r24, 0x2C	; 44
     434:	91 e0       	ldi	r25, 0x01	; 1
     436:	96 df       	rcall	.-212    	; 0x364 <i2c_lcd_write_string>
		i2c_lcd_write_string("BLE");
     438:	83 e3       	ldi	r24, 0x33	; 51
     43a:	91 e0       	ldi	r25, 0x01	; 1
     43c:	93 df       	rcall	.-218    	; 0x364 <i2c_lcd_write_string>
	}
	
	if(Mode == 1){	//USB모드 일때
     43e:	80 91 e7 01 	lds	r24, 0x01E7	; 0x8001e7 <Mode>
     442:	81 30       	cpi	r24, 0x01	; 1
		i2c_lcd_command(0x01); //화면 초기화
     444:	59 f4       	brne	.+22     	; 0x45c <Mode_State_LCD_set+0x36>
		i2c_lcd_write_string("MODE: ");
     446:	c5 de       	rcall	.-630    	; 0x1d2 <i2c_lcd_command>
     448:	8c e2       	ldi	r24, 0x2C	; 44
     44a:	91 e0       	ldi	r25, 0x01	; 1
		i2c_lcd_write_string("USB");
     44c:	8b df       	rcall	.-234    	; 0x364 <i2c_lcd_write_string>
     44e:	87 e3       	ldi	r24, 0x37	; 55
     450:	91 e0       	ldi	r25, 0x01	; 1
		USBPlay_mode_change(Play_mode);
     452:	88 df       	rcall	.-240    	; 0x364 <i2c_lcd_write_string>
     454:	80 91 e8 01 	lds	r24, 0x01E8	; 0x8001e8 <Play_mode>
     458:	90 e0       	ldi	r25, 0x00	; 0
	}
	
	if(Mode == 2){ //DFR은 대기 모드, 라디오 모드
     45a:	c0 df       	rcall	.-128    	; 0x3dc <USBPlay_mode_change>
     45c:	80 91 e7 01 	lds	r24, 0x01E7	; 0x8001e7 <Mode>
		i2c_lcd_command(0x01); //화면 초기화
     460:	82 30       	cpi	r24, 0x02	; 2
     462:	41 f4       	brne	.+16     	; 0x474 <Mode_State_LCD_set+0x4e>
		i2c_lcd_write_string("MODE: ");
     464:	81 e0       	ldi	r24, 0x01	; 1
     466:	b5 de       	rcall	.-662    	; 0x1d2 <i2c_lcd_command>
     468:	8c e2       	ldi	r24, 0x2C	; 44
     46a:	91 e0       	ldi	r25, 0x01	; 1
		i2c_lcd_write_string("FM Radio");
     46c:	7b df       	rcall	.-266    	; 0x364 <i2c_lcd_write_string>
     46e:	8b e3       	ldi	r24, 0x3B	; 59
     470:	91 e0       	ldi	r25, 0x01	; 1
     472:	78 cf       	rjmp	.-272    	; 0x364 <i2c_lcd_write_string>
     474:	08 95       	ret

00000476 <read_Songname>:
		DFR_Tx_Data("AT+AC03\r\n");//랜던 재생
		i2c_lcd_goto_XY(0,13);
		i2c_lcd_write_string("Ra");
	}
}
void read_Songname(unsigned char *buffer){ //노래이름을 받아서 song_name배열에 저장
     476:	0f 93       	push	r16
     478:	1f 93       	push	r17
     47a:	cf 93       	push	r28
     47c:	df 93       	push	r29
     47e:	8c 01       	movw	r16, r24
	for (int i = 0; i < name_size; i++) {
     480:	80 e0       	ldi	r24, 0x00	; 0
     482:	90 e0       	ldi	r25, 0x00	; 0
     484:	05 c0       	rjmp	.+10     	; 0x490 <read_Songname+0x1a>
		buffer[i] = 0; // 모든 요소를 0으로 초기화
     486:	f8 01       	movw	r30, r16
     488:	e8 0f       	add	r30, r24
     48a:	f9 1f       	adc	r31, r25
     48c:	10 82       	st	Z, r1
		i2c_lcd_goto_XY(0,13);
		i2c_lcd_write_string("Ra");
	}
}
void read_Songname(unsigned char *buffer){ //노래이름을 받아서 song_name배열에 저장
	for (int i = 0; i < name_size; i++) {
     48e:	01 96       	adiw	r24, 0x01	; 1
     490:	84 31       	cpi	r24, 0x14	; 20
     492:	91 05       	cpc	r25, r1
     494:	c4 f3       	brlt	.-16     	; 0x486 <read_Songname+0x10>
     496:	c0 e0       	ldi	r28, 0x00	; 0
     498:	d0 e0       	ldi	r29, 0x00	; 0
     49a:	08 c0       	rjmp	.+16     	; 0x4ac <read_Songname+0x36>
	}
	
	unsigned int i = 0;
	unsigned char c;
	while (i < name_size - 1) {
		c = rx_1();
     49c:	2b de       	rcall	.-938    	; 0xf4 <rx_1>
		if (c == '\n') {
     49e:	8a 30       	cpi	r24, 0x0A	; 10
     4a0:	41 f0       	breq	.+16     	; 0x4b2 <read_Songname+0x3c>
			break; // 라인 피드가 오면 수신 종료
		}
		buffer[i++] = c;
     4a2:	f8 01       	movw	r30, r16
     4a4:	ec 0f       	add	r30, r28
     4a6:	fd 1f       	adc	r31, r29
     4a8:	80 83       	st	Z, r24
     4aa:	21 96       	adiw	r28, 0x01	; 1
		buffer[i] = 0; // 모든 요소를 0으로 초기화
	}
	
	unsigned int i = 0;
	unsigned char c;
	while (i < name_size - 1) {
     4ac:	c3 31       	cpi	r28, 0x13	; 19
     4ae:	d1 05       	cpc	r29, r1
     4b0:	a8 f3       	brcs	.-22     	; 0x49c <read_Songname+0x26>
		if (c == '\n') {
			break; // 라인 피드가 오면 수신 종료
		}
		buffer[i++] = c;
	}
	buffer[i] = '\0'; // 문자열 끝에 널 문자 추가
     4b2:	c0 0f       	add	r28, r16
     4b4:	d1 1f       	adc	r29, r17
     4b6:	18 82       	st	Y, r1
}
     4b8:	df 91       	pop	r29
     4ba:	cf 91       	pop	r28
     4bc:	1f 91       	pop	r17
     4be:	0f 91       	pop	r16
     4c0:	08 95       	ret

000004c2 <Cleanup_name>:
void Cleanup_name(void){
	//이름 앞에 있는 불필요한 3글자 삭제
	int a=3;
	for(int i=0; i<name_size-a; i++){
     4c2:	80 e0       	ldi	r24, 0x00	; 0
     4c4:	90 e0       	ldi	r25, 0x00	; 0
     4c6:	09 c0       	rjmp	.+18     	; 0x4da <Cleanup_name+0x18>
		song_name[i] = song_name[i+a];
     4c8:	fc 01       	movw	r30, r24
     4ca:	ed 52       	subi	r30, 0x2D	; 45
     4cc:	fe 4f       	sbci	r31, 0xFE	; 254
     4ce:	20 81       	ld	r18, Z
     4d0:	fc 01       	movw	r30, r24
     4d2:	e0 53       	subi	r30, 0x30	; 48
     4d4:	fe 4f       	sbci	r31, 0xFE	; 254
     4d6:	20 83       	st	Z, r18
	buffer[i] = '\0'; // 문자열 끝에 널 문자 추가
}
void Cleanup_name(void){
	//이름 앞에 있는 불필요한 3글자 삭제
	int a=3;
	for(int i=0; i<name_size-a; i++){
     4d8:	01 96       	adiw	r24, 0x01	; 1
     4da:	81 31       	cpi	r24, 0x11	; 17
     4dc:	91 05       	cpc	r25, r1
     4de:	a4 f3       	brlt	.-24     	; 0x4c8 <Cleanup_name+0x6>
     4e0:	80 e0       	ldi	r24, 0x00	; 0
     4e2:	90 e0       	ldi	r25, 0x00	; 0
     4e4:	12 c0       	rjmp	.+36     	; 0x50a <Cleanup_name+0x48>
		song_name[i] = song_name[i+a];
	}
	for(int i=0; i<name_size; i++){
		if(song_name[i]==' '){
     4e6:	fc 01       	movw	r30, r24
     4e8:	e0 53       	subi	r30, 0x30	; 48
     4ea:	fe 4f       	sbci	r31, 0xFE	; 254
     4ec:	20 81       	ld	r18, Z
     4ee:	20 32       	cpi	r18, 0x20	; 32
     4f0:	59 f4       	brne	.+22     	; 0x508 <Cleanup_name+0x46>
     4f2:	06 c0       	rjmp	.+12     	; 0x500 <Cleanup_name+0x3e>
			int j=i;
			while(j<name_size){
				song_name[j]=' ';
     4f4:	fc 01       	movw	r30, r24
     4f6:	e0 53       	subi	r30, 0x30	; 48
     4f8:	fe 4f       	sbci	r31, 0xFE	; 254
     4fa:	20 e2       	ldi	r18, 0x20	; 32
     4fc:	20 83       	st	Z, r18
				j++;
     4fe:	01 96       	adiw	r24, 0x01	; 1
		song_name[i] = song_name[i+a];
	}
	for(int i=0; i<name_size; i++){
		if(song_name[i]==' '){
			int j=i;
			while(j<name_size){
     500:	84 31       	cpi	r24, 0x14	; 20
     502:	91 05       	cpc	r25, r1
     504:	bc f3       	brlt	.-18     	; 0x4f4 <Cleanup_name+0x32>
     506:	04 c0       	rjmp	.+8      	; 0x510 <Cleanup_name+0x4e>
	//이름 앞에 있는 불필요한 3글자 삭제
	int a=3;
	for(int i=0; i<name_size-a; i++){
		song_name[i] = song_name[i+a];
	}
	for(int i=0; i<name_size; i++){
     508:	01 96       	adiw	r24, 0x01	; 1
     50a:	84 31       	cpi	r24, 0x14	; 20
     50c:	91 05       	cpc	r25, r1
     50e:	5c f3       	brlt	.-42     	; 0x4e6 <Cleanup_name+0x24>
				song_name[j]=' ';
				j++;
			}break;
		}
	}
	if(song_name[0]=='/'){ //  '/'지우기
     510:	80 91 d0 01 	lds	r24, 0x01D0	; 0x8001d0 <song_name>
     514:	8f 32       	cpi	r24, 0x2F	; 47
     516:	81 f4       	brne	.+32     	; 0x538 <Cleanup_name+0x76>
     518:	0a c0       	rjmp	.+20     	; 0x52e <Cleanup_name+0x6c>
		for(int i=1; i<name_size; i++){// 만약 /가 앞에 있으면 배열을 앞으로 한칸 씩 이동
			song_name[i-1]=song_name[i];
     51a:	fc 01       	movw	r30, r24
     51c:	e0 53       	subi	r30, 0x30	; 48
     51e:	fe 4f       	sbci	r31, 0xFE	; 254
     520:	20 81       	ld	r18, Z
     522:	fc 01       	movw	r30, r24
     524:	e1 53       	subi	r30, 0x31	; 49
     526:	fe 4f       	sbci	r31, 0xFE	; 254
     528:	20 83       	st	Z, r18
				j++;
			}break;
		}
	}
	if(song_name[0]=='/'){ //  '/'지우기
		for(int i=1; i<name_size; i++){// 만약 /가 앞에 있으면 배열을 앞으로 한칸 씩 이동
     52a:	01 96       	adiw	r24, 0x01	; 1
     52c:	02 c0       	rjmp	.+4      	; 0x532 <Cleanup_name+0x70>
     52e:	81 e0       	ldi	r24, 0x01	; 1
     530:	90 e0       	ldi	r25, 0x00	; 0
     532:	84 31       	cpi	r24, 0x14	; 20
     534:	91 05       	cpc	r25, r1
     536:	8c f3       	brlt	.-30     	; 0x51a <Cleanup_name+0x58>
     538:	08 95       	ret

0000053a <changg_hz_arr>:
	_delay_ms(1500);//시작화면 딜레이
	i2c_lcd_command(0x01); //화면 초기화
	Mode_change(Mode);//기본 모드 BLE모드로 시작
	DDRF = 0x01;  //릴레이 핀 초기화
}
void changg_hz_arr(unsigned char *hz_arr){
     53a:	dc 01       	movw	r26, r24
	for(int i=0; i<name_size; i++){
     53c:	20 e0       	ldi	r18, 0x00	; 0
     53e:	30 e0       	ldi	r19, 0x00	; 0
     540:	12 c0       	rjmp	.+36     	; 0x566 <changg_hz_arr+0x2c>
		if(hz_arr[i]==0){
     542:	a9 01       	movw	r20, r18
     544:	fd 01       	movw	r30, r26
     546:	e2 0f       	add	r30, r18
     548:	f3 1f       	adc	r31, r19
     54a:	90 81       	ld	r25, Z
     54c:	91 11       	cpse	r25, r1
     54e:	09 c0       	rjmp	.+18     	; 0x562 <changg_hz_arr+0x28>
			hz_arr[i] = hz_arr[i-1];
     550:	41 50       	subi	r20, 0x01	; 1
     552:	51 09       	sbc	r21, r1
     554:	a4 0f       	add	r26, r20
     556:	b5 1f       	adc	r27, r21
     558:	8c 91       	ld	r24, X
     55a:	80 83       	st	Z, r24
			hz_arr[i-1]='.';
     55c:	8e e2       	ldi	r24, 0x2E	; 46
     55e:	8c 93       	st	X, r24
			break;
     560:	08 95       	ret
	i2c_lcd_command(0x01); //화면 초기화
	Mode_change(Mode);//기본 모드 BLE모드로 시작
	DDRF = 0x01;  //릴레이 핀 초기화
}
void changg_hz_arr(unsigned char *hz_arr){
	for(int i=0; i<name_size; i++){
     562:	2f 5f       	subi	r18, 0xFF	; 255
     564:	3f 4f       	sbci	r19, 0xFF	; 255
     566:	24 31       	cpi	r18, 0x14	; 20
     568:	31 05       	cpc	r19, r1
     56a:	5c f3       	brlt	.-42     	; 0x542 <changg_hz_arr+0x8>
     56c:	08 95       	ret

0000056e <clearn_hz_arr>:
			break;
		} 
	}
}
void clearn_hz_arr(void){
	for(int i=0; i<name_size; i++){
     56e:	80 e0       	ldi	r24, 0x00	; 0
     570:	90 e0       	ldi	r25, 0x00	; 0
     572:	05 c0       	rjmp	.+10     	; 0x57e <clearn_hz_arr+0x10>
		hz_arr[i]=0;
     574:	fc 01       	movw	r30, r24
     576:	e4 54       	subi	r30, 0x44	; 68
     578:	fe 4f       	sbci	r31, 0xFE	; 254
     57a:	10 82       	st	Z, r1
			break;
		} 
	}
}
void clearn_hz_arr(void){
	for(int i=0; i<name_size; i++){
     57c:	01 96       	adiw	r24, 0x01	; 1
     57e:	84 31       	cpi	r24, 0x14	; 20
     580:	91 05       	cpc	r25, r1
     582:	c4 f3       	brlt	.-16     	; 0x574 <clearn_hz_arr+0x6>
		hz_arr[i]=0;
		}
}
     584:	08 95       	ret

00000586 <__vector_6>:
						}
					}
			}
	}
}
ISR(INT5_vect){//엔코더 회전  /PE5
     586:	1f 92       	push	r1
     588:	0f 92       	push	r0
     58a:	0f b6       	in	r0, 0x3f	; 63
     58c:	0f 92       	push	r0
     58e:	11 24       	eor	r1, r1
     590:	0b b6       	in	r0, 0x3b	; 59
     592:	0f 92       	push	r0
     594:	2f 93       	push	r18
     596:	3f 93       	push	r19
     598:	4f 93       	push	r20
     59a:	5f 93       	push	r21
     59c:	6f 93       	push	r22
     59e:	7f 93       	push	r23
     5a0:	8f 93       	push	r24
     5a2:	9f 93       	push	r25
     5a4:	af 93       	push	r26
     5a6:	bf 93       	push	r27
     5a8:	ef 93       	push	r30
     5aa:	ff 93       	push	r31
	if(button_press==0){
     5ac:	80 91 e4 01 	lds	r24, 0x01E4	; 0x8001e4 <button_press>
     5b0:	81 11       	cpse	r24, r1
     5b2:	06 c1       	rjmp	.+524    	; 0x7c0 <__vector_6+0x23a>
		if((PINE & 0x40)==0){	//PE6
     5b4:	0e 99       	sbic	0x01, 6	; 1
     5b6:	82 c0       	rjmp	.+260    	; 0x6bc <__vector_6+0x136>
			if(Mode==0) DFR_Tx_Data("AT+CC\r\n");  //BLE모드일때 다음노래 재생
     5b8:	80 91 e7 01 	lds	r24, 0x01E7	; 0x8001e7 <Mode>
     5bc:	81 11       	cpse	r24, r1
     5be:	03 c0       	rjmp	.+6      	; 0x5c6 <__vector_6+0x40>
     5c0:	84 e4       	ldi	r24, 0x44	; 68
     5c2:	91 e0       	ldi	r25, 0x01	; 1
     5c4:	9e dd       	rcall	.-1220   	; 0x102 <DFR_Tx_Data>
			if(Mode==1){//USB모드일때 다음노래 재생
     5c6:	80 91 e7 01 	lds	r24, 0x01E7	; 0x8001e7 <Mode>
     5ca:	81 30       	cpi	r24, 0x01	; 1
     5cc:	b9 f4       	brne	.+46     	; 0x5fc <__vector_6+0x76>
						DFR_Tx_Data("AT+CC\r\n"); //다음노래 재생
     5ce:	84 e4       	ldi	r24, 0x44	; 68
     5d0:	91 e0       	ldi	r25, 0x01	; 1
						Mode_State_LCD_set(); //노래 이름이 바뀔 때마다 화면 초기화
     5d2:	97 dd       	rcall	.-1234   	; 0x102 <DFR_Tx_Data>
						DFR_Tx_Data("AT+MF\r\n"); //????
     5d4:	28 df       	rcall	.-432    	; 0x426 <Mode_State_LCD_set>
     5d6:	8c e4       	ldi	r24, 0x4C	; 76
     5d8:	91 e0       	ldi	r25, 0x01	; 1
						read_Songname(song_name); //????
     5da:	93 dd       	rcall	.-1242   	; 0x102 <DFR_Tx_Data>
     5dc:	80 ed       	ldi	r24, 0xD0	; 208
     5de:	91 e0       	ldi	r25, 0x01	; 1
						DFR_Tx_Data("AT+MF\r\n"); //현재 노래 이름 반환 요청
     5e0:	4a df       	rcall	.-364    	; 0x476 <read_Songname>
     5e2:	8c e4       	ldi	r24, 0x4C	; 76
						read_Songname(song_name); //노래이름을 받아서 song_name배열에 저장
     5e4:	91 e0       	ldi	r25, 0x01	; 1
     5e6:	8d dd       	rcall	.-1254   	; 0x102 <DFR_Tx_Data>
     5e8:	80 ed       	ldi	r24, 0xD0	; 208
						Cleanup_name(); //처음 받아온 이름 정리
     5ea:	91 e0       	ldi	r25, 0x01	; 1
     5ec:	44 df       	rcall	.-376    	; 0x476 <read_Songname>
						i2c_lcd_goto_XY(1,0);//커서 위치 설정
     5ee:	69 df       	rcall	.-302    	; 0x4c2 <Cleanup_name>
     5f0:	60 e0       	ldi	r22, 0x00	; 0
     5f2:	81 e0       	ldi	r24, 0x01	; 1
     5f4:	c3 de       	rcall	.-634    	; 0x37c <i2c_lcd_goto_XY>
						i2c_lcd_write_string(song_name);//이름 출력
     5f6:	80 ed       	ldi	r24, 0xD0	; 208
     5f8:	91 e0       	ldi	r25, 0x01	; 1
     5fa:	b4 de       	rcall	.-664    	; 0x364 <i2c_lcd_write_string>
     5fc:	80 91 e7 01 	lds	r24, 0x01E7	; 0x8001e7 <Mode>
				 } 
			if(Mode==2){
     600:	82 30       	cpi	r24, 0x02	; 2
     602:	09 f0       	breq	.+2      	; 0x606 <__vector_6+0x80>
     604:	f0 c0       	rjmp	.+480    	; 0x7e6 <__vector_6+0x260>
     606:	20 91 00 01 	lds	r18, 0x0100	; 0x800100 <__DATA_REGION_ORIGIN__>
				hz=hz+add_hz;
     60a:	80 91 01 01 	lds	r24, 0x0101	; 0x800101 <hz>
     60e:	90 91 02 01 	lds	r25, 0x0102	; 0x800102 <hz+0x1>
     612:	a0 91 03 01 	lds	r26, 0x0103	; 0x800103 <hz+0x2>
     616:	b0 91 04 01 	lds	r27, 0x0104	; 0x800104 <hz+0x3>
     61a:	82 0f       	add	r24, r18
     61c:	91 1d       	adc	r25, r1
     61e:	a1 1d       	adc	r26, r1
     620:	b1 1d       	adc	r27, r1
     622:	80 93 01 01 	sts	0x0101, r24	; 0x800101 <hz>
     626:	90 93 02 01 	sts	0x0102, r25	; 0x800102 <hz+0x1>
     62a:	a0 93 03 01 	sts	0x0103, r26	; 0x800103 <hz+0x2>
     62e:	b0 93 04 01 	sts	0x0104, r27	; 0x800104 <hz+0x3>
     632:	89 33       	cpi	r24, 0x39	; 57
				if(hz>1080) hz = 760;
     634:	94 40       	sbci	r25, 0x04	; 4
     636:	a1 05       	cpc	r26, r1
     638:	b1 05       	cpc	r27, r1
     63a:	60 f0       	brcs	.+24     	; 0x654 <__vector_6+0xce>
     63c:	88 ef       	ldi	r24, 0xF8	; 248
     63e:	92 e0       	ldi	r25, 0x02	; 2
     640:	a0 e0       	ldi	r26, 0x00	; 0
     642:	b0 e0       	ldi	r27, 0x00	; 0
     644:	80 93 01 01 	sts	0x0101, r24	; 0x800101 <hz>
     648:	90 93 02 01 	sts	0x0102, r25	; 0x800102 <hz+0x1>
     64c:	a0 93 03 01 	sts	0x0103, r26	; 0x800103 <hz+0x2>
     650:	b0 93 04 01 	sts	0x0104, r27	; 0x800104 <hz+0x3>
				TEA5767_write(hz);	//
     654:	60 91 01 01 	lds	r22, 0x0101	; 0x800101 <hz>
     658:	70 91 02 01 	lds	r23, 0x0102	; 0x800102 <hz+0x1>
     65c:	80 91 03 01 	lds	r24, 0x0103	; 0x800103 <hz+0x2>
     660:	90 91 04 01 	lds	r25, 0x0104	; 0x800104 <hz+0x3>
     664:	26 d2       	rcall	.+1100   	; 0xab2 <TEA5767_write>
     666:	80 91 04 01 	lds	r24, 0x0104	; 0x800104 <hz+0x3>
				sprintf(hz_arr, "%4d", hz);
     66a:	8f 93       	push	r24
     66c:	80 91 03 01 	lds	r24, 0x0103	; 0x800103 <hz+0x2>
     670:	8f 93       	push	r24
     672:	80 91 02 01 	lds	r24, 0x0102	; 0x800102 <hz+0x1>
     676:	8f 93       	push	r24
     678:	80 91 01 01 	lds	r24, 0x0101	; 0x800101 <hz>
     67c:	8f 93       	push	r24
     67e:	84 e5       	ldi	r24, 0x54	; 84
     680:	91 e0       	ldi	r25, 0x01	; 1
     682:	9f 93       	push	r25
     684:	8f 93       	push	r24
     686:	8c eb       	ldi	r24, 0xBC	; 188
     688:	91 e0       	ldi	r25, 0x01	; 1
     68a:	9f 93       	push	r25
				changg_hz_arr(hz_arr);
     68c:	8f 93       	push	r24
     68e:	76 d2       	rcall	.+1260   	; 0xb7c <sprintf>
     690:	8c eb       	ldi	r24, 0xBC	; 188
				i2c_lcd_goto_XY(1,0); //커서 위치 설정
     692:	91 e0       	ldi	r25, 0x01	; 1
     694:	52 df       	rcall	.-348    	; 0x53a <changg_hz_arr>
     696:	60 e0       	ldi	r22, 0x00	; 0
     698:	81 e0       	ldi	r24, 0x01	; 1
				i2c_lcd_write_string(hz_arr); //이름 출력
     69a:	70 de       	rcall	.-800    	; 0x37c <i2c_lcd_goto_XY>
     69c:	8c eb       	ldi	r24, 0xBC	; 188
     69e:	91 e0       	ldi	r25, 0x01	; 1
     6a0:	61 de       	rcall	.-830    	; 0x364 <i2c_lcd_write_string>
				i2c_lcd_write_string("MHz");
     6a2:	88 e5       	ldi	r24, 0x58	; 88
     6a4:	91 e0       	ldi	r25, 0x01	; 1
     6a6:	5e de       	rcall	.-836    	; 0x364 <i2c_lcd_write_string>
     6a8:	62 df       	rcall	.-316    	; 0x56e <clearn_hz_arr>
				clearn_hz_arr();
     6aa:	8d b7       	in	r24, 0x3d	; 61
     6ac:	9e b7       	in	r25, 0x3e	; 62
     6ae:	08 96       	adiw	r24, 0x08	; 8
     6b0:	0f b6       	in	r0, 0x3f	; 63
     6b2:	f8 94       	cli
     6b4:	9e bf       	out	0x3e, r25	; 62
     6b6:	0f be       	out	0x3f, r0	; 63
     6b8:	8d bf       	out	0x3d, r24	; 61
			}
		}else {
			if(Mode==0) DFR_Tx_Data("AT+CD\r\n");  //BLE모드일때 이전노래 재생
     6ba:	95 c0       	rjmp	.+298    	; 0x7e6 <__vector_6+0x260>
     6bc:	80 91 e7 01 	lds	r24, 0x01E7	; 0x8001e7 <Mode>
     6c0:	81 11       	cpse	r24, r1
     6c2:	03 c0       	rjmp	.+6      	; 0x6ca <__vector_6+0x144>
     6c4:	8c e5       	ldi	r24, 0x5C	; 92
			if(Mode==1){	//USB모드일때 이전노래 재생
     6c6:	91 e0       	ldi	r25, 0x01	; 1
     6c8:	1c dd       	rcall	.-1480   	; 0x102 <DFR_Tx_Data>
				 DFR_Tx_Data("AT+CD\r\n"); //이전노래 재생
     6ca:	80 91 e7 01 	lds	r24, 0x01E7	; 0x8001e7 <Mode>
     6ce:	81 30       	cpi	r24, 0x01	; 1
				 Mode_State_LCD_set();	   //노래 이름이 바뀔 때마다 화면 초기화
     6d0:	b9 f4       	brne	.+46     	; 0x700 <__vector_6+0x17a>
				 DFR_Tx_Data("AT+MF\r\n"); //????
     6d2:	8c e5       	ldi	r24, 0x5C	; 92
     6d4:	91 e0       	ldi	r25, 0x01	; 1
     6d6:	15 dd       	rcall	.-1494   	; 0x102 <DFR_Tx_Data>
     6d8:	a6 de       	rcall	.-692    	; 0x426 <Mode_State_LCD_set>
				 read_Songname(song_name); //????
     6da:	8c e4       	ldi	r24, 0x4C	; 76
     6dc:	91 e0       	ldi	r25, 0x01	; 1
     6de:	11 dd       	rcall	.-1502   	; 0x102 <DFR_Tx_Data>
     6e0:	80 ed       	ldi	r24, 0xD0	; 208
				 DFR_Tx_Data("AT+MF\r\n"); //현재 노래 이름 반환 요청
     6e2:	91 e0       	ldi	r25, 0x01	; 1
     6e4:	c8 de       	rcall	.-624    	; 0x476 <read_Songname>
     6e6:	8c e4       	ldi	r24, 0x4C	; 76
     6e8:	91 e0       	ldi	r25, 0x01	; 1
				 read_Songname(song_name); //노래이름을 받아서 song_name배열에 저장
     6ea:	0b dd       	rcall	.-1514   	; 0x102 <DFR_Tx_Data>
     6ec:	80 ed       	ldi	r24, 0xD0	; 208
     6ee:	91 e0       	ldi	r25, 0x01	; 1
     6f0:	c2 de       	rcall	.-636    	; 0x476 <read_Songname>
				 Cleanup_name();//처음 받아온 이름 정리
     6f2:	e7 de       	rcall	.-562    	; 0x4c2 <Cleanup_name>
     6f4:	60 e0       	ldi	r22, 0x00	; 0
				 i2c_lcd_goto_XY(1,0); //커서 위치 설정
     6f6:	81 e0       	ldi	r24, 0x01	; 1
     6f8:	41 de       	rcall	.-894    	; 0x37c <i2c_lcd_goto_XY>
     6fa:	80 ed       	ldi	r24, 0xD0	; 208
     6fc:	91 e0       	ldi	r25, 0x01	; 1
				 i2c_lcd_write_string(song_name); //이름 출력
     6fe:	32 de       	rcall	.-924    	; 0x364 <i2c_lcd_write_string>
     700:	80 91 e7 01 	lds	r24, 0x01E7	; 0x8001e7 <Mode>
     704:	82 30       	cpi	r24, 0x02	; 2
				 } 
			if(Mode==2){
     706:	09 f0       	breq	.+2      	; 0x70a <__vector_6+0x184>
     708:	6e c0       	rjmp	.+220    	; 0x7e6 <__vector_6+0x260>
     70a:	20 91 00 01 	lds	r18, 0x0100	; 0x800100 <__DATA_REGION_ORIGIN__>
     70e:	80 91 01 01 	lds	r24, 0x0101	; 0x800101 <hz>
				hz=hz-add_hz;
     712:	90 91 02 01 	lds	r25, 0x0102	; 0x800102 <hz+0x1>
     716:	a0 91 03 01 	lds	r26, 0x0103	; 0x800103 <hz+0x2>
     71a:	b0 91 04 01 	lds	r27, 0x0104	; 0x800104 <hz+0x3>
     71e:	82 1b       	sub	r24, r18
     720:	91 09       	sbc	r25, r1
     722:	a1 09       	sbc	r26, r1
     724:	b1 09       	sbc	r27, r1
     726:	80 93 01 01 	sts	0x0101, r24	; 0x800101 <hz>
     72a:	90 93 02 01 	sts	0x0102, r25	; 0x800102 <hz+0x1>
     72e:	a0 93 03 01 	sts	0x0103, r26	; 0x800103 <hz+0x2>
     732:	b0 93 04 01 	sts	0x0104, r27	; 0x800104 <hz+0x3>
     736:	88 3f       	cpi	r24, 0xF8	; 248
     738:	92 40       	sbci	r25, 0x02	; 2
				if(hz<760) hz = 1080;
     73a:	a1 05       	cpc	r26, r1
     73c:	b1 05       	cpc	r27, r1
     73e:	60 f4       	brcc	.+24     	; 0x758 <__vector_6+0x1d2>
     740:	88 e3       	ldi	r24, 0x38	; 56
     742:	94 e0       	ldi	r25, 0x04	; 4
     744:	a0 e0       	ldi	r26, 0x00	; 0
     746:	b0 e0       	ldi	r27, 0x00	; 0
     748:	80 93 01 01 	sts	0x0101, r24	; 0x800101 <hz>
     74c:	90 93 02 01 	sts	0x0102, r25	; 0x800102 <hz+0x1>
     750:	a0 93 03 01 	sts	0x0103, r26	; 0x800103 <hz+0x2>
     754:	b0 93 04 01 	sts	0x0104, r27	; 0x800104 <hz+0x3>
     758:	60 91 01 01 	lds	r22, 0x0101	; 0x800101 <hz>
				TEA5767_write(hz);	//
     75c:	70 91 02 01 	lds	r23, 0x0102	; 0x800102 <hz+0x1>
     760:	80 91 03 01 	lds	r24, 0x0103	; 0x800103 <hz+0x2>
     764:	90 91 04 01 	lds	r25, 0x0104	; 0x800104 <hz+0x3>
     768:	a4 d1       	rcall	.+840    	; 0xab2 <TEA5767_write>
     76a:	80 91 04 01 	lds	r24, 0x0104	; 0x800104 <hz+0x3>
				sprintf(hz_arr, "%4d", hz);
     76e:	8f 93       	push	r24
     770:	80 91 03 01 	lds	r24, 0x0103	; 0x800103 <hz+0x2>
     774:	8f 93       	push	r24
     776:	80 91 02 01 	lds	r24, 0x0102	; 0x800102 <hz+0x1>
     77a:	8f 93       	push	r24
     77c:	80 91 01 01 	lds	r24, 0x0101	; 0x800101 <hz>
     780:	8f 93       	push	r24
     782:	84 e5       	ldi	r24, 0x54	; 84
     784:	91 e0       	ldi	r25, 0x01	; 1
     786:	9f 93       	push	r25
     788:	8f 93       	push	r24
     78a:	8c eb       	ldi	r24, 0xBC	; 188
     78c:	91 e0       	ldi	r25, 0x01	; 1
     78e:	9f 93       	push	r25
     790:	8f 93       	push	r24
				changg_hz_arr(hz_arr);
     792:	f4 d1       	rcall	.+1000   	; 0xb7c <sprintf>
     794:	8c eb       	ldi	r24, 0xBC	; 188
     796:	91 e0       	ldi	r25, 0x01	; 1
     798:	d0 de       	rcall	.-608    	; 0x53a <changg_hz_arr>
				i2c_lcd_goto_XY(1,0); //커서 위치 설정
     79a:	60 e0       	ldi	r22, 0x00	; 0
     79c:	81 e0       	ldi	r24, 0x01	; 1
     79e:	ee dd       	rcall	.-1060   	; 0x37c <i2c_lcd_goto_XY>
     7a0:	8c eb       	ldi	r24, 0xBC	; 188
				i2c_lcd_write_string(hz_arr); //이름 출력
     7a2:	91 e0       	ldi	r25, 0x01	; 1
     7a4:	df dd       	rcall	.-1090   	; 0x364 <i2c_lcd_write_string>
     7a6:	88 e5       	ldi	r24, 0x58	; 88
				i2c_lcd_write_string("MHz");
     7a8:	91 e0       	ldi	r25, 0x01	; 1
     7aa:	dc dd       	rcall	.-1096   	; 0x364 <i2c_lcd_write_string>
     7ac:	e0 de       	rcall	.-576    	; 0x56e <clearn_hz_arr>
     7ae:	8d b7       	in	r24, 0x3d	; 61
				clearn_hz_arr();
     7b0:	9e b7       	in	r25, 0x3e	; 62
     7b2:	08 96       	adiw	r24, 0x08	; 8
     7b4:	0f b6       	in	r0, 0x3f	; 63
     7b6:	f8 94       	cli
     7b8:	9e bf       	out	0x3e, r25	; 62
     7ba:	0f be       	out	0x3f, r0	; 63
     7bc:	8d bf       	out	0x3d, r24	; 61
     7be:	13 c0       	rjmp	.+38     	; 0x7e6 <__vector_6+0x260>
     7c0:	0e 99       	sbic	0x01, 6	; 1
     7c2:	11 c0       	rjmp	.+34     	; 0x7e6 <__vector_6+0x260>
     7c4:	80 91 e7 01 	lds	r24, 0x01E7	; 0x8001e7 <Mode>
			}
		}
	}
	else {
		if((PINE & 0x40)==0){
     7c8:	81 30       	cpi	r24, 0x01	; 1
			if(Mode==1){//USB모드에서만 작동
     7ca:	69 f4       	brne	.+26     	; 0x7e6 <__vector_6+0x260>
     7cc:	80 91 e8 01 	lds	r24, 0x01E8	; 0x8001e8 <Play_mode>
     7d0:	8f 5f       	subi	r24, 0xFF	; 255
					Play_mode++;
     7d2:	80 93 e8 01 	sts	0x01E8, r24	; 0x8001e8 <Play_mode>
     7d6:	83 30       	cpi	r24, 0x03	; 3
     7d8:	10 f0       	brcs	.+4      	; 0x7de <__vector_6+0x258>
     7da:	10 92 e8 01 	sts	0x01E8, r1	; 0x8001e8 <Play_mode>
					if(Play_mode>2) Play_mode=0;
     7de:	80 91 e8 01 	lds	r24, 0x01E8	; 0x8001e8 <Play_mode>
     7e2:	90 e0       	ldi	r25, 0x00	; 0
					USBPlay_mode_change(Play_mode);
     7e4:	fb dd       	rcall	.-1034   	; 0x3dc <USBPlay_mode_change>
     7e6:	9f ef       	ldi	r25, 0xFF	; 255
     7e8:	29 e6       	ldi	r18, 0x69	; 105
     7ea:	88 e1       	ldi	r24, 0x18	; 24
     7ec:	91 50       	subi	r25, 0x01	; 1
     7ee:	20 40       	sbci	r18, 0x00	; 0
     7f0:	80 40       	sbci	r24, 0x00	; 0
     7f2:	e1 f7       	brne	.-8      	; 0x7ec <__vector_6+0x266>
     7f4:	00 c0       	rjmp	.+0      	; 0x7f6 <__vector_6+0x270>
     7f6:	00 00       	nop
     7f8:	ff 91       	pop	r31
     7fa:	ef 91       	pop	r30
     7fc:	bf 91       	pop	r27
     7fe:	af 91       	pop	r26
			}
		}
	}
		_delay_ms(500);
}  
     800:	9f 91       	pop	r25
     802:	8f 91       	pop	r24
     804:	7f 91       	pop	r23
     806:	6f 91       	pop	r22
     808:	5f 91       	pop	r21
     80a:	4f 91       	pop	r20
     80c:	3f 91       	pop	r19
     80e:	2f 91       	pop	r18
     810:	0f 90       	pop	r0
     812:	0b be       	out	0x3b, r0	; 59
     814:	0f 90       	pop	r0
     816:	0f be       	out	0x3f, r0	; 63
     818:	0f 90       	pop	r0
     81a:	1f 90       	pop	r1
     81c:	18 95       	reti

0000081e <Mode_change>:
     81e:	cf 93       	push	r28
     820:	c8 2f       	mov	r28, r24
     822:	81 11       	cpse	r24, r1
     824:	16 c0       	rjmp	.+44     	; 0x852 <Mode_change+0x34>
		i2c_lcd_write_string("FM Radio");
	}
}
void Mode_change(char mode){
	if(mode == 0){	//BLE모드
			i2c_lcd_command(0x01); //화면 초기화
     826:	81 e0       	ldi	r24, 0x01	; 1
     828:	d4 dc       	rcall	.-1624   	; 0x1d2 <i2c_lcd_command>
			i2c_lcd_write_string("MODE: ");
     82a:	8c e2       	ldi	r24, 0x2C	; 44
     82c:	91 e0       	ldi	r25, 0x01	; 1
     82e:	9a dd       	rcall	.-1228   	; 0x364 <i2c_lcd_write_string>
			i2c_lcd_write_string("BLE");
     830:	83 e3       	ldi	r24, 0x33	; 51
     832:	91 e0       	ldi	r25, 0x01	; 1
     834:	97 dd       	rcall	.-1234   	; 0x364 <i2c_lcd_write_string>
     836:	2f ef       	ldi	r18, 0xFF	; 255
     838:	89 e6       	ldi	r24, 0x69	; 105
     83a:	98 e1       	ldi	r25, 0x18	; 24
     83c:	21 50       	subi	r18, 0x01	; 1
     83e:	80 40       	sbci	r24, 0x00	; 0
     840:	90 40       	sbci	r25, 0x00	; 0
     842:	e1 f7       	brne	.-8      	; 0x83c <Mode_change+0x1e>
     844:	00 c0       	rjmp	.+0      	; 0x846 <Mode_change+0x28>
     846:	00 00       	nop
			_delay_ms(500); //릴레이가 물리적으로 움직이는 시간
			PORTF = 0x00;
     848:	10 92 62 00 	sts	0x0062, r1	; 0x800062 <__TEXT_REGION_LENGTH__+0x7e0062>
			DFR_Tx_Data("AT+CM01\r\n"); //BLE모드 변경
     84c:	84 e6       	ldi	r24, 0x64	; 100
     84e:	91 e0       	ldi	r25, 0x01	; 1
		 }
		   
	if(mode == 1){	//USB모드 일때 
     850:	58 dc       	rcall	.-1872   	; 0x102 <DFR_Tx_Data>
     852:	c1 30       	cpi	r28, 0x01	; 1
			i2c_lcd_command(0x01); //화면 초기화
     854:	89 f4       	brne	.+34     	; 0x878 <Mode_change+0x5a>
     856:	81 e0       	ldi	r24, 0x01	; 1
			i2c_lcd_write_string("MODE: ");
     858:	bc dc       	rcall	.-1672   	; 0x1d2 <i2c_lcd_command>
     85a:	8c e2       	ldi	r24, 0x2C	; 44
     85c:	91 e0       	ldi	r25, 0x01	; 1
			i2c_lcd_write_string("USB");
     85e:	82 dd       	rcall	.-1276   	; 0x364 <i2c_lcd_write_string>
     860:	87 e3       	ldi	r24, 0x37	; 55
     862:	91 e0       	ldi	r25, 0x01	; 1
			DFR_Tx_Data("AT+CM02\r\n"); //USB모드 변경
     864:	7f dd       	rcall	.-1282   	; 0x364 <i2c_lcd_write_string>
     866:	8e e6       	ldi	r24, 0x6E	; 110
     868:	91 e0       	ldi	r25, 0x01	; 1
     86a:	4b dc       	rcall	.-1898   	; 0x102 <DFR_Tx_Data>
			USBPlay_mode_change(Play_mode);
     86c:	80 91 e8 01 	lds	r24, 0x01E8	; 0x8001e8 <Play_mode>
     870:	90 e0       	ldi	r25, 0x00	; 0
     872:	b4 dd       	rcall	.-1176   	; 0x3dc <USBPlay_mode_change>
			PORTF = 0x00;
     874:	10 92 62 00 	sts	0x0062, r1	; 0x800062 <__TEXT_REGION_LENGTH__+0x7e0062>
		 } 
		 
	if(mode == 2){ //DFR은 대기 모드, 라디오 모드
     878:	c2 30       	cpi	r28, 0x02	; 2
			i2c_lcd_command(0x01); //화면 초기화
     87a:	09 f0       	breq	.+2      	; 0x87e <Mode_change+0x60>
     87c:	50 c0       	rjmp	.+160    	; 0x91e <Mode_change+0x100>
			i2c_lcd_write_string("MODE: ");
     87e:	81 e0       	ldi	r24, 0x01	; 1
     880:	a8 dc       	rcall	.-1712   	; 0x1d2 <i2c_lcd_command>
     882:	8c e2       	ldi	r24, 0x2C	; 44
     884:	91 e0       	ldi	r25, 0x01	; 1
			i2c_lcd_write_string("FM Radio");
     886:	6e dd       	rcall	.-1316   	; 0x364 <i2c_lcd_write_string>
     888:	8b e3       	ldi	r24, 0x3B	; 59
     88a:	91 e0       	ldi	r25, 0x01	; 1
     88c:	6b dd       	rcall	.-1322   	; 0x364 <i2c_lcd_write_string>
			DFR_Tx_Data("AT+CM08\r\n"); //DFR대기 모드
     88e:	88 e7       	ldi	r24, 0x78	; 120
     890:	91 e0       	ldi	r25, 0x01	; 1
     892:	37 dc       	rcall	.-1938   	; 0x102 <DFR_Tx_Data>
     894:	81 e0       	ldi	r24, 0x01	; 1
			PORTF = 0x01;
     896:	80 93 62 00 	sts	0x0062, r24	; 0x800062 <__TEXT_REGION_LENGTH__+0x7e0062>
     89a:	2f ef       	ldi	r18, 0xFF	; 255
     89c:	89 e6       	ldi	r24, 0x69	; 105
     89e:	98 e1       	ldi	r25, 0x18	; 24
     8a0:	21 50       	subi	r18, 0x01	; 1
     8a2:	80 40       	sbci	r24, 0x00	; 0
     8a4:	90 40       	sbci	r25, 0x00	; 0
     8a6:	e1 f7       	brne	.-8      	; 0x8a0 <Mode_change+0x82>
     8a8:	00 c0       	rjmp	.+0      	; 0x8aa <Mode_change+0x8c>
     8aa:	00 00       	nop
			_delay_ms(500); //릴레이가 물리적으로 움직이는 시간
			TEA5767_write(hz);	//초기 주파수  MHz 
     8ac:	60 91 01 01 	lds	r22, 0x0101	; 0x800101 <hz>
     8b0:	70 91 02 01 	lds	r23, 0x0102	; 0x800102 <hz+0x1>
     8b4:	80 91 03 01 	lds	r24, 0x0103	; 0x800103 <hz+0x2>
     8b8:	90 91 04 01 	lds	r25, 0x0104	; 0x800104 <hz+0x3>
     8bc:	fa d0       	rcall	.+500    	; 0xab2 <TEA5767_write>
     8be:	80 91 04 01 	lds	r24, 0x0104	; 0x800104 <hz+0x3>
			sprintf(hz_arr, "%4d", hz);
     8c2:	8f 93       	push	r24
     8c4:	80 91 03 01 	lds	r24, 0x0103	; 0x800103 <hz+0x2>
     8c8:	8f 93       	push	r24
     8ca:	80 91 02 01 	lds	r24, 0x0102	; 0x800102 <hz+0x1>
     8ce:	8f 93       	push	r24
     8d0:	80 91 01 01 	lds	r24, 0x0101	; 0x800101 <hz>
     8d4:	8f 93       	push	r24
     8d6:	84 e5       	ldi	r24, 0x54	; 84
     8d8:	91 e0       	ldi	r25, 0x01	; 1
     8da:	9f 93       	push	r25
     8dc:	8f 93       	push	r24
     8de:	8c eb       	ldi	r24, 0xBC	; 188
     8e0:	91 e0       	ldi	r25, 0x01	; 1
     8e2:	9f 93       	push	r25
			changg_hz_arr(hz_arr);
     8e4:	8f 93       	push	r24
     8e6:	4a d1       	rcall	.+660    	; 0xb7c <sprintf>
     8e8:	8c eb       	ldi	r24, 0xBC	; 188
			i2c_lcd_goto_XY(1,0); //커서 위치 설정
     8ea:	91 e0       	ldi	r25, 0x01	; 1
     8ec:	26 de       	rcall	.-948    	; 0x53a <changg_hz_arr>
     8ee:	60 e0       	ldi	r22, 0x00	; 0
     8f0:	81 e0       	ldi	r24, 0x01	; 1
			i2c_lcd_write_string(hz_arr); //이름 출력
     8f2:	44 dd       	rcall	.-1400   	; 0x37c <i2c_lcd_goto_XY>
     8f4:	8c eb       	ldi	r24, 0xBC	; 188
     8f6:	91 e0       	ldi	r25, 0x01	; 1
     8f8:	35 dd       	rcall	.-1430   	; 0x364 <i2c_lcd_write_string>
			i2c_lcd_write_string("MHz");
     8fa:	88 e5       	ldi	r24, 0x58	; 88
     8fc:	91 e0       	ldi	r25, 0x01	; 1
     8fe:	32 dd       	rcall	.-1436   	; 0x364 <i2c_lcd_write_string>
     900:	6d e0       	ldi	r22, 0x0D	; 13
			i2c_lcd_goto_XY(1,13);//커서 위치 설정
     902:	81 e0       	ldi	r24, 0x01	; 1
     904:	3b dd       	rcall	.-1418   	; 0x37c <i2c_lcd_goto_XY>
     906:	82 e8       	ldi	r24, 0x82	; 130
     908:	91 e0       	ldi	r25, 0x01	; 1
			i2c_lcd_write_string(" x1");//이름 출력
     90a:	2c dd       	rcall	.-1448   	; 0x364 <i2c_lcd_write_string>
     90c:	30 de       	rcall	.-928    	; 0x56e <clearn_hz_arr>
     90e:	8d b7       	in	r24, 0x3d	; 61
     910:	9e b7       	in	r25, 0x3e	; 62
			clearn_hz_arr();
     912:	08 96       	adiw	r24, 0x08	; 8
     914:	0f b6       	in	r0, 0x3f	; 63
     916:	f8 94       	cli
     918:	9e bf       	out	0x3e, r25	; 62
     91a:	0f be       	out	0x3f, r0	; 63
     91c:	8d bf       	out	0x3d, r24	; 61
     91e:	cf 91       	pop	r28
     920:	08 95       	ret

00000922 <__vector_5>:
     922:	1f 92       	push	r1
     924:	0f 92       	push	r0
		 } 
}
     926:	0f b6       	in	r0, 0x3f	; 63
     928:	0f 92       	push	r0
}
ISR(TIMER0_OVF_vect){  //TCNT0을 아래서 설정한 6 ~ 255까지 카운터 후 256이 되는 순간 인터럽트 발생, 인터럽트가 1번 발생할때 마다 1ms 즉 1000번 발생하면 1초 / 인터럽트 문법은 암기
	//if(counter>100) counter = 0; //counter변수의 오버플로 방지
	if(button_press) counter++;
}
ISR(INT4_vect){   //"INT4_vect" 인터럽트 4번 핀 / 엔코더 푸쉬 버튼 / PE4
     92a:	11 24       	eor	r1, r1
     92c:	0b b6       	in	r0, 0x3b	; 59
     92e:	0f 92       	push	r0
     930:	2f 93       	push	r18
     932:	3f 93       	push	r19
     934:	4f 93       	push	r20
     936:	5f 93       	push	r21
     938:	6f 93       	push	r22
     93a:	7f 93       	push	r23
     93c:	8f 93       	push	r24
     93e:	9f 93       	push	r25
     940:	af 93       	push	r26
     942:	bf 93       	push	r27
     944:	ef 93       	push	r30
     946:	ff 93       	push	r31
	if((PINE & 0x10 )==0){ //엔코더를 눌렀을 때
     948:	0c 99       	sbic	0x01, 4	; 1
     94a:	0a c0       	rjmp	.+20     	; 0x960 <__vector_5+0x3e>
		TCNT0 = 0x06;
     94c:	86 e0       	ldi	r24, 0x06	; 6
     94e:	82 bf       	out	0x32, r24	; 50
		button_press = 1;
     950:	81 e0       	ldi	r24, 0x01	; 1
     952:	80 93 e4 01 	sts	0x01E4, r24	; 0x8001e4 <button_press>
		counter = 0;
     956:	10 92 e6 01 	sts	0x01E6, r1	; 0x8001e6 <counter+0x1>
     95a:	10 92 e5 01 	sts	0x01E5, r1	; 0x8001e5 <counter>
     95e:	43 c0       	rjmp	.+134    	; 0x9e6 <__vector_5+0xc4>
	}else{
			button_press = 0;
     960:	10 92 e4 01 	sts	0x01E4, r1	; 0x8001e4 <button_press>
			if(counter>=4000){	//4초 이상 누를시 모드 변경
     964:	80 91 e5 01 	lds	r24, 0x01E5	; 0x8001e5 <counter>
     968:	90 91 e6 01 	lds	r25, 0x01E6	; 0x8001e6 <counter+0x1>
     96c:	80 3a       	cpi	r24, 0xA0	; 160
     96e:	9f 40       	sbci	r25, 0x0F	; 15
     970:	94 f0       	brlt	.+36     	; 0x996 <__vector_5+0x74>
				++Mode;
     972:	80 91 e7 01 	lds	r24, 0x01E7	; 0x8001e7 <Mode>
     976:	8f 5f       	subi	r24, 0xFF	; 255
     978:	80 93 e7 01 	sts	0x01E7, r24	; 0x8001e7 <Mode>
				if(Mode>2) {Mode=0;} //3가지 모드
     97c:	83 30       	cpi	r24, 0x03	; 3
     97e:	10 f0       	brcs	.+4      	; 0x984 <__vector_5+0x62>
     980:	10 92 e7 01 	sts	0x01E7, r1	; 0x8001e7 <Mode>
				Mode_change(Mode);
     984:	80 91 e7 01 	lds	r24, 0x01E7	; 0x8001e7 <Mode>
     988:	90 e0       	ldi	r25, 0x00	; 0
     98a:	49 df       	rcall	.-366    	; 0x81e <Mode_change>
				counter = 0;
     98c:	10 92 e6 01 	sts	0x01E6, r1	; 0x8001e6 <counter+0x1>
     990:	10 92 e5 01 	sts	0x01E5, r1	; 0x8001e5 <counter>
     994:	28 c0       	rjmp	.+80     	; 0x9e6 <__vector_5+0xc4>
			}else{	//일시정지
				if(Mode==0) {DFR_Tx_Data("AT+CB\r\n");} //BLE모드일때 일시정지
     996:	80 91 e7 01 	lds	r24, 0x01E7	; 0x8001e7 <Mode>
     99a:	81 11       	cpse	r24, r1
     99c:	03 c0       	rjmp	.+6      	; 0x9a4 <__vector_5+0x82>
     99e:	86 e8       	ldi	r24, 0x86	; 134
     9a0:	91 e0       	ldi	r25, 0x01	; 1
     9a2:	af db       	rcall	.-2210   	; 0x102 <DFR_Tx_Data>
				if(Mode==1) DFR_Tx_Data("AT+AA03\r\n"); //USB모드일때 일시정지
     9a4:	80 91 e7 01 	lds	r24, 0x01E7	; 0x8001e7 <Mode>
     9a8:	81 30       	cpi	r24, 0x01	; 1
     9aa:	19 f4       	brne	.+6      	; 0x9b2 <__vector_5+0x90>
     9ac:	8e e8       	ldi	r24, 0x8E	; 142
     9ae:	91 e0       	ldi	r25, 0x01	; 1
     9b0:	a8 db       	rcall	.-2224   	; 0x102 <DFR_Tx_Data>
				if(Mode==2){	//FM모드일때 누르면 체널 이동값 *10
     9b2:	80 91 e7 01 	lds	r24, 0x01E7	; 0x8001e7 <Mode>
     9b6:	82 30       	cpi	r24, 0x02	; 2
     9b8:	b1 f4       	brne	.+44     	; 0x9e6 <__vector_5+0xc4>
					if(add_hz==1){
     9ba:	80 91 00 01 	lds	r24, 0x0100	; 0x800100 <__DATA_REGION_ORIGIN__>
     9be:	81 30       	cpi	r24, 0x01	; 1
     9c0:	51 f4       	brne	.+20     	; 0x9d6 <__vector_5+0xb4>
						 add_hz=10;
     9c2:	8a e0       	ldi	r24, 0x0A	; 10
     9c4:	80 93 00 01 	sts	0x0100, r24	; 0x800100 <__DATA_REGION_ORIGIN__>
						 i2c_lcd_goto_XY(1,13);//커서 위치 설정
     9c8:	6d e0       	ldi	r22, 0x0D	; 13
     9ca:	81 e0       	ldi	r24, 0x01	; 1
						 i2c_lcd_write_string("x10");//이름 출력
     9cc:	d7 dc       	rcall	.-1618   	; 0x37c <i2c_lcd_goto_XY>
     9ce:	88 e9       	ldi	r24, 0x98	; 152
     9d0:	91 e0       	ldi	r25, 0x01	; 1
     9d2:	c8 dc       	rcall	.-1648   	; 0x364 <i2c_lcd_write_string>
						 }
					else {
						add_hz=1;
     9d4:	08 c0       	rjmp	.+16     	; 0x9e6 <__vector_5+0xc4>
     9d6:	81 e0       	ldi	r24, 0x01	; 1
						i2c_lcd_goto_XY(1,13);//커서 위치 설정
     9d8:	80 93 00 01 	sts	0x0100, r24	; 0x800100 <__DATA_REGION_ORIGIN__>
     9dc:	6d e0       	ldi	r22, 0x0D	; 13
						i2c_lcd_write_string(" x1");//이름 출력
     9de:	ce dc       	rcall	.-1636   	; 0x37c <i2c_lcd_goto_XY>
     9e0:	82 e8       	ldi	r24, 0x82	; 130
     9e2:	91 e0       	ldi	r25, 0x01	; 1
     9e4:	bf dc       	rcall	.-1666   	; 0x364 <i2c_lcd_write_string>
						}
					}
			}
	}
}
     9e6:	ff 91       	pop	r31
     9e8:	ef 91       	pop	r30
     9ea:	bf 91       	pop	r27
     9ec:	af 91       	pop	r26
     9ee:	9f 91       	pop	r25
     9f0:	8f 91       	pop	r24
     9f2:	7f 91       	pop	r23
     9f4:	6f 91       	pop	r22
     9f6:	5f 91       	pop	r21
     9f8:	4f 91       	pop	r20
     9fa:	3f 91       	pop	r19
     9fc:	2f 91       	pop	r18
     9fe:	0f 90       	pop	r0
     a00:	0b be       	out	0x3b, r0	; 59
     a02:	0f 90       	pop	r0
     a04:	0f be       	out	0x3f, r0	; 63
     a06:	0f 90       	pop	r0
     a08:	1f 90       	pop	r1
     a0a:	18 95       	reti

00000a0c <J_Speaker_init>:
			song_name[i-1]=song_name[i];
		}
	}
}
void J_Speaker_init(){ //DFR, 인터럽트, 타이머카운터, 기본소리, 입력포트, I2C, 시작 표시
	DFR0781_init();
     a0c:	5e db       	rcall	.-2372   	; 0xca <DFR0781_init>
	//UART0_init(); /디버깅용
	interrupt_init();
     a0e:	be dc       	rcall	.-1668   	; 0x38c <interrupt_init>
	timer_counter_init();
     a10:	c5 dc       	rcall	.-1654   	; 0x39c <timer_counter_init>
	DFR_Tx_Data("AT+CA20\r\n"); //기본 소리 20
     a12:	8c e9       	ldi	r24, 0x9C	; 156
     a14:	91 e0       	ldi	r25, 0x01	; 1
     a16:	75 db       	rcall	.-2326   	; 0x102 <DFR_Tx_Data>
     a18:	2f ef       	ldi	r18, 0xFF	; 255
     a1a:	83 ef       	ldi	r24, 0xF3	; 243
     a1c:	91 e0       	ldi	r25, 0x01	; 1
     a1e:	21 50       	subi	r18, 0x01	; 1
     a20:	80 40       	sbci	r24, 0x00	; 0
     a22:	90 40       	sbci	r25, 0x00	; 0
     a24:	e1 f7       	brne	.-8      	; 0xa1e <J_Speaker_init+0x12>
     a26:	00 c0       	rjmp	.+0      	; 0xa28 <J_Speaker_init+0x1c>
	_delay_ms(40);
	DDRE = 0x00;
     a28:	00 00       	nop
	i2c_init(); //I2C초기화 및 관련 포트 활성화
     a2a:	12 b8       	out	0x02, r1	; 2
	i2c_lcd_init(); //LCD 초기화 
     a2c:	91 db       	rcall	.-2270   	; 0x150 <i2c_init>
	i2c_lcd_goto_XY(0,3);
     a2e:	0f dc       	rcall	.-2018   	; 0x24e <i2c_lcd_init>
     a30:	63 e0       	ldi	r22, 0x03	; 3
     a32:	80 e0       	ldi	r24, 0x00	; 0
	i2c_lcd_write_string("*J_Speaker*");
     a34:	a3 dc       	rcall	.-1722   	; 0x37c <i2c_lcd_goto_XY>
     a36:	86 ea       	ldi	r24, 0xA6	; 166
     a38:	91 e0       	ldi	r25, 0x01	; 1
	i2c_lcd_goto_XY(1,0);
     a3a:	94 dc       	rcall	.-1752   	; 0x364 <i2c_lcd_write_string>
     a3c:	60 e0       	ldi	r22, 0x00	; 0
     a3e:	81 e0       	ldi	r24, 0x01	; 1
     a40:	9d dc       	rcall	.-1734   	; 0x37c <i2c_lcd_goto_XY>
	i2c_lcd_write_string("begin...");
     a42:	82 eb       	ldi	r24, 0xB2	; 178
     a44:	91 e0       	ldi	r25, 0x01	; 1
     a46:	8e dc       	rcall	.-1764   	; 0x364 <i2c_lcd_write_string>
     a48:	2f ef       	ldi	r18, 0xFF	; 255
     a4a:	8d e3       	ldi	r24, 0x3D	; 61
     a4c:	99 e4       	ldi	r25, 0x49	; 73
     a4e:	21 50       	subi	r18, 0x01	; 1
     a50:	80 40       	sbci	r24, 0x00	; 0
     a52:	90 40       	sbci	r25, 0x00	; 0
     a54:	e1 f7       	brne	.-8      	; 0xa4e <J_Speaker_init+0x42>
     a56:	00 c0       	rjmp	.+0      	; 0xa58 <J_Speaker_init+0x4c>
	_delay_ms(1500);//시작화면 딜레이
	i2c_lcd_command(0x01); //화면 초기화
     a58:	00 00       	nop
     a5a:	81 e0       	ldi	r24, 0x01	; 1
     a5c:	ba db       	rcall	.-2188   	; 0x1d2 <i2c_lcd_command>
	Mode_change(Mode);//기본 모드 BLE모드로 시작
     a5e:	80 91 e7 01 	lds	r24, 0x01E7	; 0x8001e7 <Mode>
     a62:	dd de       	rcall	.-582    	; 0x81e <Mode_change>
     a64:	81 e0       	ldi	r24, 0x01	; 1
	DDRF = 0x01;  //릴레이 핀 초기화
     a66:	80 93 61 00 	sts	0x0061, r24	; 0x800061 <__TEXT_REGION_LENGTH__+0x7e0061>
     a6a:	08 95       	ret

00000a6c <main>:
     a6c:	cf df       	rcall	.-98     	; 0xa0c <J_Speaker_init>
		}
}

int main(void)
{
	J_Speaker_init();
     a6e:	1c c0       	rjmp	.+56     	; 0xaa8 <main+0x3c>

    while (1) 
    {
		
		while(Mode==1){//USB모드 일때
					DFR_Tx_Data("AT+MF\r\n"); //????
     a70:	8c e4       	ldi	r24, 0x4C	; 76
     a72:	91 e0       	ldi	r25, 0x01	; 1
     a74:	46 db       	rcall	.-2420   	; 0x102 <DFR_Tx_Data>
					read_Songname(song_name); //????
     a76:	80 ed       	ldi	r24, 0xD0	; 208
     a78:	91 e0       	ldi	r25, 0x01	; 1
     a7a:	fd dc       	rcall	.-1542   	; 0x476 <read_Songname>
					DFR_Tx_Data("AT+MF\r\n"); //현재 노래 이름 반환 요청
     a7c:	8c e4       	ldi	r24, 0x4C	; 76
     a7e:	91 e0       	ldi	r25, 0x01	; 1
     a80:	40 db       	rcall	.-2432   	; 0x102 <DFR_Tx_Data>
					read_Songname(song_name); //노래이름을 받아서 song_name배열에 저장
     a82:	80 ed       	ldi	r24, 0xD0	; 208
     a84:	91 e0       	ldi	r25, 0x01	; 1
     a86:	f7 dc       	rcall	.-1554   	; 0x476 <read_Songname>
					Cleanup_name(); //처음 받아온 이름 정리
     a88:	1c dd       	rcall	.-1480   	; 0x4c2 <Cleanup_name>
					i2c_lcd_goto_XY(1,0);//커서 위치 설정
     a8a:	60 e0       	ldi	r22, 0x00	; 0
     a8c:	81 e0       	ldi	r24, 0x01	; 1
     a8e:	76 dc       	rcall	.-1812   	; 0x37c <i2c_lcd_goto_XY>
     a90:	80 ed       	ldi	r24, 0xD0	; 208
					i2c_lcd_write_string(song_name);//이름 출력
     a92:	91 e0       	ldi	r25, 0x01	; 1
     a94:	67 dc       	rcall	.-1842   	; 0x364 <i2c_lcd_write_string>
     a96:	2f ef       	ldi	r18, 0xFF	; 255
     a98:	89 e6       	ldi	r24, 0x69	; 105
     a9a:	98 e1       	ldi	r25, 0x18	; 24
     a9c:	21 50       	subi	r18, 0x01	; 1
     a9e:	80 40       	sbci	r24, 0x00	; 0
     aa0:	90 40       	sbci	r25, 0x00	; 0
     aa2:	e1 f7       	brne	.-8      	; 0xa9c <main+0x30>
     aa4:	00 c0       	rjmp	.+0      	; 0xaa6 <main+0x3a>
     aa6:	00 00       	nop
     aa8:	80 91 e7 01 	lds	r24, 0x01E7	; 0x8001e7 <Mode>
	//read_Songname(song_name); //????

    while (1) 
    {
		
		while(Mode==1){//USB모드 일때
     aac:	81 30       	cpi	r24, 0x01	; 1
     aae:	01 f3       	breq	.-64     	; 0xa70 <main+0x4>
     ab0:	fb cf       	rjmp	.-10     	; 0xaa8 <main+0x3c>

00000ab2 <TEA5767_write>:
     ab2:	9b 01       	movw	r18, r22
     ab4:	ac 01       	movw	r20, r24
 uint8_t TEA5767_read_data[5] = {0};
	 
	 
void TEA5767_write(unsigned long Hz)
	 {//직점 주파수를 입력받아 보내는 함수
		  TEA5767_write_bytes[0] = 0b00000000;        // NOT MUTE
     ab6:	e9 ee       	ldi	r30, 0xE9	; 233
     ab8:	f1 e0       	ldi	r31, 0x01	; 1
		  TEA5767_write_bytes[1] = 0b00000000;                 // PLL Area
		  TEA5767_write_bytes[2] = 0b11001000;        // Search Up , Search level 중간, Low Side Injection ,   Mono 출력 , 좌측 오디오 출력, 우측 오디오 출력, --
     aba:	88 ec       	ldi	r24, 0xC8	; 200
     abc:	82 83       	std	Z+2, r24	; 0x02
		  TEA5767_write_bytes[3] = 0b00011110;        // No Standby, US/EU Band, 32768KHz, SoftMuteOn, HighCutControlOn, Stereo Noise Cancelling On, --
     abe:	8e e1       	ldi	r24, 0x1E	; 30
     ac0:	83 83       	std	Z+3, r24	; 0x03
		  TEA5767_write_bytes[4] = 0b01000000;        //DTC 시정수 75us 시정수를 75로하면 소리는 조금 작아지지만 명확하게 들리는 느낌
     ac2:	80 e4       	ldi	r24, 0x40	; 64
     ac4:	84 83       	std	Z+4, r24	; 0x04
		  
		   unsigned short n;
		   n = (unsigned long)4*(Hz*100000-225000)/32768; //Low Side Injection
     ac6:	60 e8       	ldi	r22, 0x80	; 128
     ac8:	7a e1       	ldi	r23, 0x1A	; 26
     aca:	86 e0       	ldi	r24, 0x06	; 6
     acc:	90 e0       	ldi	r25, 0x00	; 0
     ace:	2e d0       	rcall	.+92     	; 0xb2c <__mulsi3>
     ad0:	dc 01       	movw	r26, r24
     ad2:	cb 01       	movw	r24, r22
     ad4:	80 5a       	subi	r24, 0xA0	; 160
     ad6:	9b 4b       	sbci	r25, 0xBB	; 187
     ad8:	ad 40       	sbci	r26, 0x0D	; 13
     ada:	b1 09       	sbc	r27, r1
     adc:	07 2e       	mov	r0, r23
     ade:	7f e0       	ldi	r23, 0x0F	; 15
     ae0:	b6 95       	lsr	r27
     ae2:	a7 95       	ror	r26
     ae4:	97 95       	ror	r25
     ae6:	87 95       	ror	r24
     ae8:	7a 95       	dec	r23
     aea:	d1 f7       	brne	.-12     	; 0xae0 <TEA5767_write+0x2e>
     aec:	70 2d       	mov	r23, r0
		   TEA5767_write_bytes[0] = (TEA5767_write_bytes[0] & 0xC0) | (n >> 8);
     aee:	90 83       	st	Z, r25
		   TEA5767_write_bytes[1] = n & 0xFF;
     af0:	81 83       	std	Z+1, r24	; 0x01
		   
		 i2c_start(LCD_PCF8574_Address,TEA5767_speed,0);
     af2:	40 e0       	ldi	r20, 0x00	; 0
     af4:	50 e0       	ldi	r21, 0x00	; 0
     af6:	6c e0       	ldi	r22, 0x0C	; 12
     af8:	70 e0       	ldi	r23, 0x00	; 0
     afa:	80 ec       	ldi	r24, 0xC0	; 192
     afc:	0e db       	rcall	.-2532   	; 0x11a <i2c_start>
		 
		 /* Data Write */
		 //데이터를 8비트씩 전송
		 for(int i=0; i<5; i++)
     afe:	20 e0       	ldi	r18, 0x00	; 0
     b00:	30 e0       	ldi	r19, 0x00	; 0
     b02:	0f c0       	rjmp	.+30     	; 0xb22 <TEA5767_write+0x70>
		 {
			 TWDR = TEA5767_write_bytes[i];
     b04:	f9 01       	movw	r30, r18
     b06:	e7 51       	subi	r30, 0x17	; 23
     b08:	fe 4f       	sbci	r31, 0xFE	; 254
     b0a:	80 81       	ld	r24, Z
     b0c:	80 93 73 00 	sts	0x0073, r24	; 0x800073 <__TEXT_REGION_LENGTH__+0x7e0073>
			 TWCR = (1<<TWINT)|(1<<TWEN);
     b10:	84 e8       	ldi	r24, 0x84	; 132
     b12:	80 93 74 00 	sts	0x0074, r24	; 0x800074 <__TEXT_REGION_LENGTH__+0x7e0074>
			 while (!(TWCR & (1<<TWINT)));
     b16:	80 91 74 00 	lds	r24, 0x0074	; 0x800074 <__TEXT_REGION_LENGTH__+0x7e0074>
     b1a:	88 23       	and	r24, r24
     b1c:	e4 f7       	brge	.-8      	; 0xb16 <TEA5767_write+0x64>
		   
		 i2c_start(LCD_PCF8574_Address,TEA5767_speed,0);
		 
		 /* Data Write */
		 //데이터를 8비트씩 전송
		 for(int i=0; i<5; i++)
     b1e:	2f 5f       	subi	r18, 0xFF	; 255
     b20:	3f 4f       	sbci	r19, 0xFF	; 255
     b22:	25 30       	cpi	r18, 0x05	; 5
     b24:	31 05       	cpc	r19, r1
			 TWDR = TEA5767_write_bytes[i];
			 TWCR = (1<<TWINT)|(1<<TWEN);
			 while (!(TWCR & (1<<TWINT)));
		 }
		 
		i2c_stop();
     b26:	74 f3       	brlt	.-36     	; 0xb04 <TEA5767_write+0x52>
     b28:	0f cb       	rjmp	.-2530   	; 0x148 <i2c_stop>
     b2a:	08 95       	ret

00000b2c <__mulsi3>:
     b2c:	db 01       	movw	r26, r22
     b2e:	8f 93       	push	r24
     b30:	9f 93       	push	r25
     b32:	0b d0       	rcall	.+22     	; 0xb4a <__muluhisi3>
     b34:	bf 91       	pop	r27
     b36:	af 91       	pop	r26
     b38:	a2 9f       	mul	r26, r18
     b3a:	80 0d       	add	r24, r0
     b3c:	91 1d       	adc	r25, r1
     b3e:	a3 9f       	mul	r26, r19
     b40:	90 0d       	add	r25, r0
     b42:	b2 9f       	mul	r27, r18
     b44:	90 0d       	add	r25, r0
     b46:	11 24       	eor	r1, r1
     b48:	08 95       	ret

00000b4a <__muluhisi3>:
     b4a:	09 d0       	rcall	.+18     	; 0xb5e <__umulhisi3>
     b4c:	a5 9f       	mul	r26, r21
     b4e:	90 0d       	add	r25, r0
     b50:	b4 9f       	mul	r27, r20
     b52:	90 0d       	add	r25, r0
     b54:	a4 9f       	mul	r26, r20
     b56:	80 0d       	add	r24, r0
     b58:	91 1d       	adc	r25, r1
     b5a:	11 24       	eor	r1, r1
     b5c:	08 95       	ret

00000b5e <__umulhisi3>:
     b5e:	a2 9f       	mul	r26, r18
     b60:	b0 01       	movw	r22, r0
     b62:	b3 9f       	mul	r27, r19
     b64:	c0 01       	movw	r24, r0
     b66:	a3 9f       	mul	r26, r19
     b68:	70 0d       	add	r23, r0
     b6a:	81 1d       	adc	r24, r1
     b6c:	11 24       	eor	r1, r1
     b6e:	91 1d       	adc	r25, r1
     b70:	b2 9f       	mul	r27, r18
     b72:	70 0d       	add	r23, r0
     b74:	81 1d       	adc	r24, r1
     b76:	11 24       	eor	r1, r1
     b78:	91 1d       	adc	r25, r1
     b7a:	08 95       	ret

00000b7c <sprintf>:
     b7c:	0f 93       	push	r16
     b7e:	1f 93       	push	r17
     b80:	cf 93       	push	r28
     b82:	df 93       	push	r29
     b84:	cd b7       	in	r28, 0x3d	; 61
     b86:	de b7       	in	r29, 0x3e	; 62
     b88:	2e 97       	sbiw	r28, 0x0e	; 14
     b8a:	0f b6       	in	r0, 0x3f	; 63
     b8c:	f8 94       	cli
     b8e:	de bf       	out	0x3e, r29	; 62
     b90:	0f be       	out	0x3f, r0	; 63
     b92:	cd bf       	out	0x3d, r28	; 61
     b94:	0d 89       	ldd	r16, Y+21	; 0x15
     b96:	1e 89       	ldd	r17, Y+22	; 0x16
     b98:	86 e0       	ldi	r24, 0x06	; 6
     b9a:	8c 83       	std	Y+4, r24	; 0x04
     b9c:	1a 83       	std	Y+2, r17	; 0x02
     b9e:	09 83       	std	Y+1, r16	; 0x01
     ba0:	8f ef       	ldi	r24, 0xFF	; 255
     ba2:	9f e7       	ldi	r25, 0x7F	; 127
     ba4:	9e 83       	std	Y+6, r25	; 0x06
     ba6:	8d 83       	std	Y+5, r24	; 0x05
     ba8:	ae 01       	movw	r20, r28
     baa:	47 5e       	subi	r20, 0xE7	; 231
     bac:	5f 4f       	sbci	r21, 0xFF	; 255
     bae:	6f 89       	ldd	r22, Y+23	; 0x17
     bb0:	78 8d       	ldd	r23, Y+24	; 0x18
     bb2:	ce 01       	movw	r24, r28
     bb4:	01 96       	adiw	r24, 0x01	; 1
     bb6:	10 d0       	rcall	.+32     	; 0xbd8 <vfprintf>
     bb8:	ef 81       	ldd	r30, Y+7	; 0x07
     bba:	f8 85       	ldd	r31, Y+8	; 0x08
     bbc:	e0 0f       	add	r30, r16
     bbe:	f1 1f       	adc	r31, r17
     bc0:	10 82       	st	Z, r1
     bc2:	2e 96       	adiw	r28, 0x0e	; 14
     bc4:	0f b6       	in	r0, 0x3f	; 63
     bc6:	f8 94       	cli
     bc8:	de bf       	out	0x3e, r29	; 62
     bca:	0f be       	out	0x3f, r0	; 63
     bcc:	cd bf       	out	0x3d, r28	; 61
     bce:	df 91       	pop	r29
     bd0:	cf 91       	pop	r28
     bd2:	1f 91       	pop	r17
     bd4:	0f 91       	pop	r16
     bd6:	08 95       	ret

00000bd8 <vfprintf>:
     bd8:	2f 92       	push	r2
     bda:	3f 92       	push	r3
     bdc:	4f 92       	push	r4
     bde:	5f 92       	push	r5
     be0:	6f 92       	push	r6
     be2:	7f 92       	push	r7
     be4:	8f 92       	push	r8
     be6:	9f 92       	push	r9
     be8:	af 92       	push	r10
     bea:	bf 92       	push	r11
     bec:	cf 92       	push	r12
     bee:	df 92       	push	r13
     bf0:	ef 92       	push	r14
     bf2:	ff 92       	push	r15
     bf4:	0f 93       	push	r16
     bf6:	1f 93       	push	r17
     bf8:	cf 93       	push	r28
     bfa:	df 93       	push	r29
     bfc:	cd b7       	in	r28, 0x3d	; 61
     bfe:	de b7       	in	r29, 0x3e	; 62
     c00:	2b 97       	sbiw	r28, 0x0b	; 11
     c02:	0f b6       	in	r0, 0x3f	; 63
     c04:	f8 94       	cli
     c06:	de bf       	out	0x3e, r29	; 62
     c08:	0f be       	out	0x3f, r0	; 63
     c0a:	cd bf       	out	0x3d, r28	; 61
     c0c:	6c 01       	movw	r12, r24
     c0e:	7b 01       	movw	r14, r22
     c10:	8a 01       	movw	r16, r20
     c12:	fc 01       	movw	r30, r24
     c14:	17 82       	std	Z+7, r1	; 0x07
     c16:	16 82       	std	Z+6, r1	; 0x06
     c18:	83 81       	ldd	r24, Z+3	; 0x03
     c1a:	81 ff       	sbrs	r24, 1
     c1c:	bf c1       	rjmp	.+894    	; 0xf9c <vfprintf+0x3c4>
     c1e:	ce 01       	movw	r24, r28
     c20:	01 96       	adiw	r24, 0x01	; 1
     c22:	3c 01       	movw	r6, r24
     c24:	f6 01       	movw	r30, r12
     c26:	93 81       	ldd	r25, Z+3	; 0x03
     c28:	f7 01       	movw	r30, r14
     c2a:	93 fd       	sbrc	r25, 3
     c2c:	85 91       	lpm	r24, Z+
     c2e:	93 ff       	sbrs	r25, 3
     c30:	81 91       	ld	r24, Z+
     c32:	7f 01       	movw	r14, r30
     c34:	88 23       	and	r24, r24
     c36:	09 f4       	brne	.+2      	; 0xc3a <vfprintf+0x62>
     c38:	ad c1       	rjmp	.+858    	; 0xf94 <vfprintf+0x3bc>
     c3a:	85 32       	cpi	r24, 0x25	; 37
     c3c:	39 f4       	brne	.+14     	; 0xc4c <vfprintf+0x74>
     c3e:	93 fd       	sbrc	r25, 3
     c40:	85 91       	lpm	r24, Z+
     c42:	93 ff       	sbrs	r25, 3
     c44:	81 91       	ld	r24, Z+
     c46:	7f 01       	movw	r14, r30
     c48:	85 32       	cpi	r24, 0x25	; 37
     c4a:	21 f4       	brne	.+8      	; 0xc54 <vfprintf+0x7c>
     c4c:	b6 01       	movw	r22, r12
     c4e:	90 e0       	ldi	r25, 0x00	; 0
     c50:	d6 d1       	rcall	.+940    	; 0xffe <fputc>
     c52:	e8 cf       	rjmp	.-48     	; 0xc24 <vfprintf+0x4c>
     c54:	91 2c       	mov	r9, r1
     c56:	21 2c       	mov	r2, r1
     c58:	31 2c       	mov	r3, r1
     c5a:	ff e1       	ldi	r31, 0x1F	; 31
     c5c:	f3 15       	cp	r31, r3
     c5e:	d8 f0       	brcs	.+54     	; 0xc96 <vfprintf+0xbe>
     c60:	8b 32       	cpi	r24, 0x2B	; 43
     c62:	79 f0       	breq	.+30     	; 0xc82 <vfprintf+0xaa>
     c64:	38 f4       	brcc	.+14     	; 0xc74 <vfprintf+0x9c>
     c66:	80 32       	cpi	r24, 0x20	; 32
     c68:	79 f0       	breq	.+30     	; 0xc88 <vfprintf+0xb0>
     c6a:	83 32       	cpi	r24, 0x23	; 35
     c6c:	a1 f4       	brne	.+40     	; 0xc96 <vfprintf+0xbe>
     c6e:	23 2d       	mov	r18, r3
     c70:	20 61       	ori	r18, 0x10	; 16
     c72:	1d c0       	rjmp	.+58     	; 0xcae <vfprintf+0xd6>
     c74:	8d 32       	cpi	r24, 0x2D	; 45
     c76:	61 f0       	breq	.+24     	; 0xc90 <vfprintf+0xb8>
     c78:	80 33       	cpi	r24, 0x30	; 48
     c7a:	69 f4       	brne	.+26     	; 0xc96 <vfprintf+0xbe>
     c7c:	23 2d       	mov	r18, r3
     c7e:	21 60       	ori	r18, 0x01	; 1
     c80:	16 c0       	rjmp	.+44     	; 0xcae <vfprintf+0xd6>
     c82:	83 2d       	mov	r24, r3
     c84:	82 60       	ori	r24, 0x02	; 2
     c86:	38 2e       	mov	r3, r24
     c88:	e3 2d       	mov	r30, r3
     c8a:	e4 60       	ori	r30, 0x04	; 4
     c8c:	3e 2e       	mov	r3, r30
     c8e:	2a c0       	rjmp	.+84     	; 0xce4 <vfprintf+0x10c>
     c90:	f3 2d       	mov	r31, r3
     c92:	f8 60       	ori	r31, 0x08	; 8
     c94:	1d c0       	rjmp	.+58     	; 0xcd0 <vfprintf+0xf8>
     c96:	37 fc       	sbrc	r3, 7
     c98:	2d c0       	rjmp	.+90     	; 0xcf4 <vfprintf+0x11c>
     c9a:	20 ed       	ldi	r18, 0xD0	; 208
     c9c:	28 0f       	add	r18, r24
     c9e:	2a 30       	cpi	r18, 0x0A	; 10
     ca0:	40 f0       	brcs	.+16     	; 0xcb2 <vfprintf+0xda>
     ca2:	8e 32       	cpi	r24, 0x2E	; 46
     ca4:	b9 f4       	brne	.+46     	; 0xcd4 <vfprintf+0xfc>
     ca6:	36 fc       	sbrc	r3, 6
     ca8:	75 c1       	rjmp	.+746    	; 0xf94 <vfprintf+0x3bc>
     caa:	23 2d       	mov	r18, r3
     cac:	20 64       	ori	r18, 0x40	; 64
     cae:	32 2e       	mov	r3, r18
     cb0:	19 c0       	rjmp	.+50     	; 0xce4 <vfprintf+0x10c>
     cb2:	36 fe       	sbrs	r3, 6
     cb4:	06 c0       	rjmp	.+12     	; 0xcc2 <vfprintf+0xea>
     cb6:	8a e0       	ldi	r24, 0x0A	; 10
     cb8:	98 9e       	mul	r9, r24
     cba:	20 0d       	add	r18, r0
     cbc:	11 24       	eor	r1, r1
     cbe:	92 2e       	mov	r9, r18
     cc0:	11 c0       	rjmp	.+34     	; 0xce4 <vfprintf+0x10c>
     cc2:	ea e0       	ldi	r30, 0x0A	; 10
     cc4:	2e 9e       	mul	r2, r30
     cc6:	20 0d       	add	r18, r0
     cc8:	11 24       	eor	r1, r1
     cca:	22 2e       	mov	r2, r18
     ccc:	f3 2d       	mov	r31, r3
     cce:	f0 62       	ori	r31, 0x20	; 32
     cd0:	3f 2e       	mov	r3, r31
     cd2:	08 c0       	rjmp	.+16     	; 0xce4 <vfprintf+0x10c>
     cd4:	8c 36       	cpi	r24, 0x6C	; 108
     cd6:	21 f4       	brne	.+8      	; 0xce0 <vfprintf+0x108>
     cd8:	83 2d       	mov	r24, r3
     cda:	80 68       	ori	r24, 0x80	; 128
     cdc:	38 2e       	mov	r3, r24
     cde:	02 c0       	rjmp	.+4      	; 0xce4 <vfprintf+0x10c>
     ce0:	88 36       	cpi	r24, 0x68	; 104
     ce2:	41 f4       	brne	.+16     	; 0xcf4 <vfprintf+0x11c>
     ce4:	f7 01       	movw	r30, r14
     ce6:	93 fd       	sbrc	r25, 3
     ce8:	85 91       	lpm	r24, Z+
     cea:	93 ff       	sbrs	r25, 3
     cec:	81 91       	ld	r24, Z+
     cee:	7f 01       	movw	r14, r30
     cf0:	81 11       	cpse	r24, r1
     cf2:	b3 cf       	rjmp	.-154    	; 0xc5a <vfprintf+0x82>
     cf4:	98 2f       	mov	r25, r24
     cf6:	9f 7d       	andi	r25, 0xDF	; 223
     cf8:	95 54       	subi	r25, 0x45	; 69
     cfa:	93 30       	cpi	r25, 0x03	; 3
     cfc:	28 f4       	brcc	.+10     	; 0xd08 <vfprintf+0x130>
     cfe:	0c 5f       	subi	r16, 0xFC	; 252
     d00:	1f 4f       	sbci	r17, 0xFF	; 255
     d02:	9f e3       	ldi	r25, 0x3F	; 63
     d04:	99 83       	std	Y+1, r25	; 0x01
     d06:	0d c0       	rjmp	.+26     	; 0xd22 <vfprintf+0x14a>
     d08:	83 36       	cpi	r24, 0x63	; 99
     d0a:	31 f0       	breq	.+12     	; 0xd18 <vfprintf+0x140>
     d0c:	83 37       	cpi	r24, 0x73	; 115
     d0e:	71 f0       	breq	.+28     	; 0xd2c <vfprintf+0x154>
     d10:	83 35       	cpi	r24, 0x53	; 83
     d12:	09 f0       	breq	.+2      	; 0xd16 <vfprintf+0x13e>
     d14:	55 c0       	rjmp	.+170    	; 0xdc0 <vfprintf+0x1e8>
     d16:	20 c0       	rjmp	.+64     	; 0xd58 <vfprintf+0x180>
     d18:	f8 01       	movw	r30, r16
     d1a:	80 81       	ld	r24, Z
     d1c:	89 83       	std	Y+1, r24	; 0x01
     d1e:	0e 5f       	subi	r16, 0xFE	; 254
     d20:	1f 4f       	sbci	r17, 0xFF	; 255
     d22:	88 24       	eor	r8, r8
     d24:	83 94       	inc	r8
     d26:	91 2c       	mov	r9, r1
     d28:	53 01       	movw	r10, r6
     d2a:	12 c0       	rjmp	.+36     	; 0xd50 <vfprintf+0x178>
     d2c:	28 01       	movw	r4, r16
     d2e:	f2 e0       	ldi	r31, 0x02	; 2
     d30:	4f 0e       	add	r4, r31
     d32:	51 1c       	adc	r5, r1
     d34:	f8 01       	movw	r30, r16
     d36:	a0 80       	ld	r10, Z
     d38:	b1 80       	ldd	r11, Z+1	; 0x01
     d3a:	36 fe       	sbrs	r3, 6
     d3c:	03 c0       	rjmp	.+6      	; 0xd44 <vfprintf+0x16c>
     d3e:	69 2d       	mov	r22, r9
     d40:	70 e0       	ldi	r23, 0x00	; 0
     d42:	02 c0       	rjmp	.+4      	; 0xd48 <vfprintf+0x170>
     d44:	6f ef       	ldi	r22, 0xFF	; 255
     d46:	7f ef       	ldi	r23, 0xFF	; 255
     d48:	c5 01       	movw	r24, r10
     d4a:	4e d1       	rcall	.+668    	; 0xfe8 <strnlen>
     d4c:	4c 01       	movw	r8, r24
     d4e:	82 01       	movw	r16, r4
     d50:	f3 2d       	mov	r31, r3
     d52:	ff 77       	andi	r31, 0x7F	; 127
     d54:	3f 2e       	mov	r3, r31
     d56:	15 c0       	rjmp	.+42     	; 0xd82 <vfprintf+0x1aa>
     d58:	28 01       	movw	r4, r16
     d5a:	22 e0       	ldi	r18, 0x02	; 2
     d5c:	42 0e       	add	r4, r18
     d5e:	51 1c       	adc	r5, r1
     d60:	f8 01       	movw	r30, r16
     d62:	a0 80       	ld	r10, Z
     d64:	b1 80       	ldd	r11, Z+1	; 0x01
     d66:	36 fe       	sbrs	r3, 6
     d68:	03 c0       	rjmp	.+6      	; 0xd70 <vfprintf+0x198>
     d6a:	69 2d       	mov	r22, r9
     d6c:	70 e0       	ldi	r23, 0x00	; 0
     d6e:	02 c0       	rjmp	.+4      	; 0xd74 <vfprintf+0x19c>
     d70:	6f ef       	ldi	r22, 0xFF	; 255
     d72:	7f ef       	ldi	r23, 0xFF	; 255
     d74:	c5 01       	movw	r24, r10
     d76:	2d d1       	rcall	.+602    	; 0xfd2 <strnlen_P>
     d78:	4c 01       	movw	r8, r24
     d7a:	f3 2d       	mov	r31, r3
     d7c:	f0 68       	ori	r31, 0x80	; 128
     d7e:	3f 2e       	mov	r3, r31
     d80:	82 01       	movw	r16, r4
     d82:	33 fc       	sbrc	r3, 3
     d84:	19 c0       	rjmp	.+50     	; 0xdb8 <vfprintf+0x1e0>
     d86:	82 2d       	mov	r24, r2
     d88:	90 e0       	ldi	r25, 0x00	; 0
     d8a:	88 16       	cp	r8, r24
     d8c:	99 06       	cpc	r9, r25
     d8e:	a0 f4       	brcc	.+40     	; 0xdb8 <vfprintf+0x1e0>
     d90:	b6 01       	movw	r22, r12
     d92:	80 e2       	ldi	r24, 0x20	; 32
     d94:	90 e0       	ldi	r25, 0x00	; 0
     d96:	33 d1       	rcall	.+614    	; 0xffe <fputc>
     d98:	2a 94       	dec	r2
     d9a:	f5 cf       	rjmp	.-22     	; 0xd86 <vfprintf+0x1ae>
     d9c:	f5 01       	movw	r30, r10
     d9e:	37 fc       	sbrc	r3, 7
     da0:	85 91       	lpm	r24, Z+
     da2:	37 fe       	sbrs	r3, 7
     da4:	81 91       	ld	r24, Z+
     da6:	5f 01       	movw	r10, r30
     da8:	b6 01       	movw	r22, r12
     daa:	90 e0       	ldi	r25, 0x00	; 0
     dac:	28 d1       	rcall	.+592    	; 0xffe <fputc>
     dae:	21 10       	cpse	r2, r1
     db0:	2a 94       	dec	r2
     db2:	21 e0       	ldi	r18, 0x01	; 1
     db4:	82 1a       	sub	r8, r18
     db6:	91 08       	sbc	r9, r1
     db8:	81 14       	cp	r8, r1
     dba:	91 04       	cpc	r9, r1
     dbc:	79 f7       	brne	.-34     	; 0xd9c <vfprintf+0x1c4>
     dbe:	e1 c0       	rjmp	.+450    	; 0xf82 <vfprintf+0x3aa>
     dc0:	84 36       	cpi	r24, 0x64	; 100
     dc2:	11 f0       	breq	.+4      	; 0xdc8 <vfprintf+0x1f0>
     dc4:	89 36       	cpi	r24, 0x69	; 105
     dc6:	39 f5       	brne	.+78     	; 0xe16 <vfprintf+0x23e>
     dc8:	f8 01       	movw	r30, r16
     dca:	37 fe       	sbrs	r3, 7
     dcc:	07 c0       	rjmp	.+14     	; 0xddc <vfprintf+0x204>
     dce:	60 81       	ld	r22, Z
     dd0:	71 81       	ldd	r23, Z+1	; 0x01
     dd2:	82 81       	ldd	r24, Z+2	; 0x02
     dd4:	93 81       	ldd	r25, Z+3	; 0x03
     dd6:	0c 5f       	subi	r16, 0xFC	; 252
     dd8:	1f 4f       	sbci	r17, 0xFF	; 255
     dda:	08 c0       	rjmp	.+16     	; 0xdec <vfprintf+0x214>
     ddc:	60 81       	ld	r22, Z
     dde:	71 81       	ldd	r23, Z+1	; 0x01
     de0:	07 2e       	mov	r0, r23
     de2:	00 0c       	add	r0, r0
     de4:	88 0b       	sbc	r24, r24
     de6:	99 0b       	sbc	r25, r25
     de8:	0e 5f       	subi	r16, 0xFE	; 254
     dea:	1f 4f       	sbci	r17, 0xFF	; 255
     dec:	f3 2d       	mov	r31, r3
     dee:	ff 76       	andi	r31, 0x6F	; 111
     df0:	3f 2e       	mov	r3, r31
     df2:	97 ff       	sbrs	r25, 7
     df4:	09 c0       	rjmp	.+18     	; 0xe08 <vfprintf+0x230>
     df6:	90 95       	com	r25
     df8:	80 95       	com	r24
     dfa:	70 95       	com	r23
     dfc:	61 95       	neg	r22
     dfe:	7f 4f       	sbci	r23, 0xFF	; 255
     e00:	8f 4f       	sbci	r24, 0xFF	; 255
     e02:	9f 4f       	sbci	r25, 0xFF	; 255
     e04:	f0 68       	ori	r31, 0x80	; 128
     e06:	3f 2e       	mov	r3, r31
     e08:	2a e0       	ldi	r18, 0x0A	; 10
     e0a:	30 e0       	ldi	r19, 0x00	; 0
     e0c:	a3 01       	movw	r20, r6
     e0e:	33 d1       	rcall	.+614    	; 0x1076 <__ultoa_invert>
     e10:	88 2e       	mov	r8, r24
     e12:	86 18       	sub	r8, r6
     e14:	44 c0       	rjmp	.+136    	; 0xe9e <vfprintf+0x2c6>
     e16:	85 37       	cpi	r24, 0x75	; 117
     e18:	31 f4       	brne	.+12     	; 0xe26 <vfprintf+0x24e>
     e1a:	23 2d       	mov	r18, r3
     e1c:	2f 7e       	andi	r18, 0xEF	; 239
     e1e:	b2 2e       	mov	r11, r18
     e20:	2a e0       	ldi	r18, 0x0A	; 10
     e22:	30 e0       	ldi	r19, 0x00	; 0
     e24:	25 c0       	rjmp	.+74     	; 0xe70 <vfprintf+0x298>
     e26:	93 2d       	mov	r25, r3
     e28:	99 7f       	andi	r25, 0xF9	; 249
     e2a:	b9 2e       	mov	r11, r25
     e2c:	8f 36       	cpi	r24, 0x6F	; 111
     e2e:	c1 f0       	breq	.+48     	; 0xe60 <vfprintf+0x288>
     e30:	18 f4       	brcc	.+6      	; 0xe38 <vfprintf+0x260>
     e32:	88 35       	cpi	r24, 0x58	; 88
     e34:	79 f0       	breq	.+30     	; 0xe54 <vfprintf+0x27c>
     e36:	ae c0       	rjmp	.+348    	; 0xf94 <vfprintf+0x3bc>
     e38:	80 37       	cpi	r24, 0x70	; 112
     e3a:	19 f0       	breq	.+6      	; 0xe42 <vfprintf+0x26a>
     e3c:	88 37       	cpi	r24, 0x78	; 120
     e3e:	21 f0       	breq	.+8      	; 0xe48 <vfprintf+0x270>
     e40:	a9 c0       	rjmp	.+338    	; 0xf94 <vfprintf+0x3bc>
     e42:	e9 2f       	mov	r30, r25
     e44:	e0 61       	ori	r30, 0x10	; 16
     e46:	be 2e       	mov	r11, r30
     e48:	b4 fe       	sbrs	r11, 4
     e4a:	0d c0       	rjmp	.+26     	; 0xe66 <vfprintf+0x28e>
     e4c:	fb 2d       	mov	r31, r11
     e4e:	f4 60       	ori	r31, 0x04	; 4
     e50:	bf 2e       	mov	r11, r31
     e52:	09 c0       	rjmp	.+18     	; 0xe66 <vfprintf+0x28e>
     e54:	34 fe       	sbrs	r3, 4
     e56:	0a c0       	rjmp	.+20     	; 0xe6c <vfprintf+0x294>
     e58:	29 2f       	mov	r18, r25
     e5a:	26 60       	ori	r18, 0x06	; 6
     e5c:	b2 2e       	mov	r11, r18
     e5e:	06 c0       	rjmp	.+12     	; 0xe6c <vfprintf+0x294>
     e60:	28 e0       	ldi	r18, 0x08	; 8
     e62:	30 e0       	ldi	r19, 0x00	; 0
     e64:	05 c0       	rjmp	.+10     	; 0xe70 <vfprintf+0x298>
     e66:	20 e1       	ldi	r18, 0x10	; 16
     e68:	30 e0       	ldi	r19, 0x00	; 0
     e6a:	02 c0       	rjmp	.+4      	; 0xe70 <vfprintf+0x298>
     e6c:	20 e1       	ldi	r18, 0x10	; 16
     e6e:	32 e0       	ldi	r19, 0x02	; 2
     e70:	f8 01       	movw	r30, r16
     e72:	b7 fe       	sbrs	r11, 7
     e74:	07 c0       	rjmp	.+14     	; 0xe84 <vfprintf+0x2ac>
     e76:	60 81       	ld	r22, Z
     e78:	71 81       	ldd	r23, Z+1	; 0x01
     e7a:	82 81       	ldd	r24, Z+2	; 0x02
     e7c:	93 81       	ldd	r25, Z+3	; 0x03
     e7e:	0c 5f       	subi	r16, 0xFC	; 252
     e80:	1f 4f       	sbci	r17, 0xFF	; 255
     e82:	06 c0       	rjmp	.+12     	; 0xe90 <vfprintf+0x2b8>
     e84:	60 81       	ld	r22, Z
     e86:	71 81       	ldd	r23, Z+1	; 0x01
     e88:	80 e0       	ldi	r24, 0x00	; 0
     e8a:	90 e0       	ldi	r25, 0x00	; 0
     e8c:	0e 5f       	subi	r16, 0xFE	; 254
     e8e:	1f 4f       	sbci	r17, 0xFF	; 255
     e90:	a3 01       	movw	r20, r6
     e92:	f1 d0       	rcall	.+482    	; 0x1076 <__ultoa_invert>
     e94:	88 2e       	mov	r8, r24
     e96:	86 18       	sub	r8, r6
     e98:	fb 2d       	mov	r31, r11
     e9a:	ff 77       	andi	r31, 0x7F	; 127
     e9c:	3f 2e       	mov	r3, r31
     e9e:	36 fe       	sbrs	r3, 6
     ea0:	0d c0       	rjmp	.+26     	; 0xebc <vfprintf+0x2e4>
     ea2:	23 2d       	mov	r18, r3
     ea4:	2e 7f       	andi	r18, 0xFE	; 254
     ea6:	a2 2e       	mov	r10, r18
     ea8:	89 14       	cp	r8, r9
     eaa:	58 f4       	brcc	.+22     	; 0xec2 <vfprintf+0x2ea>
     eac:	34 fe       	sbrs	r3, 4
     eae:	0b c0       	rjmp	.+22     	; 0xec6 <vfprintf+0x2ee>
     eb0:	32 fc       	sbrc	r3, 2
     eb2:	09 c0       	rjmp	.+18     	; 0xec6 <vfprintf+0x2ee>
     eb4:	83 2d       	mov	r24, r3
     eb6:	8e 7e       	andi	r24, 0xEE	; 238
     eb8:	a8 2e       	mov	r10, r24
     eba:	05 c0       	rjmp	.+10     	; 0xec6 <vfprintf+0x2ee>
     ebc:	b8 2c       	mov	r11, r8
     ebe:	a3 2c       	mov	r10, r3
     ec0:	03 c0       	rjmp	.+6      	; 0xec8 <vfprintf+0x2f0>
     ec2:	b8 2c       	mov	r11, r8
     ec4:	01 c0       	rjmp	.+2      	; 0xec8 <vfprintf+0x2f0>
     ec6:	b9 2c       	mov	r11, r9
     ec8:	a4 fe       	sbrs	r10, 4
     eca:	0f c0       	rjmp	.+30     	; 0xeea <vfprintf+0x312>
     ecc:	fe 01       	movw	r30, r28
     ece:	e8 0d       	add	r30, r8
     ed0:	f1 1d       	adc	r31, r1
     ed2:	80 81       	ld	r24, Z
     ed4:	80 33       	cpi	r24, 0x30	; 48
     ed6:	21 f4       	brne	.+8      	; 0xee0 <vfprintf+0x308>
     ed8:	9a 2d       	mov	r25, r10
     eda:	99 7e       	andi	r25, 0xE9	; 233
     edc:	a9 2e       	mov	r10, r25
     ede:	09 c0       	rjmp	.+18     	; 0xef2 <vfprintf+0x31a>
     ee0:	a2 fe       	sbrs	r10, 2
     ee2:	06 c0       	rjmp	.+12     	; 0xef0 <vfprintf+0x318>
     ee4:	b3 94       	inc	r11
     ee6:	b3 94       	inc	r11
     ee8:	04 c0       	rjmp	.+8      	; 0xef2 <vfprintf+0x31a>
     eea:	8a 2d       	mov	r24, r10
     eec:	86 78       	andi	r24, 0x86	; 134
     eee:	09 f0       	breq	.+2      	; 0xef2 <vfprintf+0x31a>
     ef0:	b3 94       	inc	r11
     ef2:	a3 fc       	sbrc	r10, 3
     ef4:	10 c0       	rjmp	.+32     	; 0xf16 <vfprintf+0x33e>
     ef6:	a0 fe       	sbrs	r10, 0
     ef8:	06 c0       	rjmp	.+12     	; 0xf06 <vfprintf+0x32e>
     efa:	b2 14       	cp	r11, r2
     efc:	80 f4       	brcc	.+32     	; 0xf1e <vfprintf+0x346>
     efe:	28 0c       	add	r2, r8
     f00:	92 2c       	mov	r9, r2
     f02:	9b 18       	sub	r9, r11
     f04:	0d c0       	rjmp	.+26     	; 0xf20 <vfprintf+0x348>
     f06:	b2 14       	cp	r11, r2
     f08:	58 f4       	brcc	.+22     	; 0xf20 <vfprintf+0x348>
     f0a:	b6 01       	movw	r22, r12
     f0c:	80 e2       	ldi	r24, 0x20	; 32
     f0e:	90 e0       	ldi	r25, 0x00	; 0
     f10:	76 d0       	rcall	.+236    	; 0xffe <fputc>
     f12:	b3 94       	inc	r11
     f14:	f8 cf       	rjmp	.-16     	; 0xf06 <vfprintf+0x32e>
     f16:	b2 14       	cp	r11, r2
     f18:	18 f4       	brcc	.+6      	; 0xf20 <vfprintf+0x348>
     f1a:	2b 18       	sub	r2, r11
     f1c:	02 c0       	rjmp	.+4      	; 0xf22 <vfprintf+0x34a>
     f1e:	98 2c       	mov	r9, r8
     f20:	21 2c       	mov	r2, r1
     f22:	a4 fe       	sbrs	r10, 4
     f24:	0f c0       	rjmp	.+30     	; 0xf44 <vfprintf+0x36c>
     f26:	b6 01       	movw	r22, r12
     f28:	80 e3       	ldi	r24, 0x30	; 48
     f2a:	90 e0       	ldi	r25, 0x00	; 0
     f2c:	68 d0       	rcall	.+208    	; 0xffe <fputc>
     f2e:	a2 fe       	sbrs	r10, 2
     f30:	16 c0       	rjmp	.+44     	; 0xf5e <vfprintf+0x386>
     f32:	a1 fc       	sbrc	r10, 1
     f34:	03 c0       	rjmp	.+6      	; 0xf3c <vfprintf+0x364>
     f36:	88 e7       	ldi	r24, 0x78	; 120
     f38:	90 e0       	ldi	r25, 0x00	; 0
     f3a:	02 c0       	rjmp	.+4      	; 0xf40 <vfprintf+0x368>
     f3c:	88 e5       	ldi	r24, 0x58	; 88
     f3e:	90 e0       	ldi	r25, 0x00	; 0
     f40:	b6 01       	movw	r22, r12
     f42:	0c c0       	rjmp	.+24     	; 0xf5c <vfprintf+0x384>
     f44:	8a 2d       	mov	r24, r10
     f46:	86 78       	andi	r24, 0x86	; 134
     f48:	51 f0       	breq	.+20     	; 0xf5e <vfprintf+0x386>
     f4a:	a1 fe       	sbrs	r10, 1
     f4c:	02 c0       	rjmp	.+4      	; 0xf52 <vfprintf+0x37a>
     f4e:	8b e2       	ldi	r24, 0x2B	; 43
     f50:	01 c0       	rjmp	.+2      	; 0xf54 <vfprintf+0x37c>
     f52:	80 e2       	ldi	r24, 0x20	; 32
     f54:	a7 fc       	sbrc	r10, 7
     f56:	8d e2       	ldi	r24, 0x2D	; 45
     f58:	b6 01       	movw	r22, r12
     f5a:	90 e0       	ldi	r25, 0x00	; 0
     f5c:	50 d0       	rcall	.+160    	; 0xffe <fputc>
     f5e:	89 14       	cp	r8, r9
     f60:	30 f4       	brcc	.+12     	; 0xf6e <vfprintf+0x396>
     f62:	b6 01       	movw	r22, r12
     f64:	80 e3       	ldi	r24, 0x30	; 48
     f66:	90 e0       	ldi	r25, 0x00	; 0
     f68:	4a d0       	rcall	.+148    	; 0xffe <fputc>
     f6a:	9a 94       	dec	r9
     f6c:	f8 cf       	rjmp	.-16     	; 0xf5e <vfprintf+0x386>
     f6e:	8a 94       	dec	r8
     f70:	f3 01       	movw	r30, r6
     f72:	e8 0d       	add	r30, r8
     f74:	f1 1d       	adc	r31, r1
     f76:	80 81       	ld	r24, Z
     f78:	b6 01       	movw	r22, r12
     f7a:	90 e0       	ldi	r25, 0x00	; 0
     f7c:	40 d0       	rcall	.+128    	; 0xffe <fputc>
     f7e:	81 10       	cpse	r8, r1
     f80:	f6 cf       	rjmp	.-20     	; 0xf6e <vfprintf+0x396>
     f82:	22 20       	and	r2, r2
     f84:	09 f4       	brne	.+2      	; 0xf88 <vfprintf+0x3b0>
     f86:	4e ce       	rjmp	.-868    	; 0xc24 <vfprintf+0x4c>
     f88:	b6 01       	movw	r22, r12
     f8a:	80 e2       	ldi	r24, 0x20	; 32
     f8c:	90 e0       	ldi	r25, 0x00	; 0
     f8e:	37 d0       	rcall	.+110    	; 0xffe <fputc>
     f90:	2a 94       	dec	r2
     f92:	f7 cf       	rjmp	.-18     	; 0xf82 <vfprintf+0x3aa>
     f94:	f6 01       	movw	r30, r12
     f96:	86 81       	ldd	r24, Z+6	; 0x06
     f98:	97 81       	ldd	r25, Z+7	; 0x07
     f9a:	02 c0       	rjmp	.+4      	; 0xfa0 <vfprintf+0x3c8>
     f9c:	8f ef       	ldi	r24, 0xFF	; 255
     f9e:	9f ef       	ldi	r25, 0xFF	; 255
     fa0:	2b 96       	adiw	r28, 0x0b	; 11
     fa2:	0f b6       	in	r0, 0x3f	; 63
     fa4:	f8 94       	cli
     fa6:	de bf       	out	0x3e, r29	; 62
     fa8:	0f be       	out	0x3f, r0	; 63
     faa:	cd bf       	out	0x3d, r28	; 61
     fac:	df 91       	pop	r29
     fae:	cf 91       	pop	r28
     fb0:	1f 91       	pop	r17
     fb2:	0f 91       	pop	r16
     fb4:	ff 90       	pop	r15
     fb6:	ef 90       	pop	r14
     fb8:	df 90       	pop	r13
     fba:	cf 90       	pop	r12
     fbc:	bf 90       	pop	r11
     fbe:	af 90       	pop	r10
     fc0:	9f 90       	pop	r9
     fc2:	8f 90       	pop	r8
     fc4:	7f 90       	pop	r7
     fc6:	6f 90       	pop	r6
     fc8:	5f 90       	pop	r5
     fca:	4f 90       	pop	r4
     fcc:	3f 90       	pop	r3
     fce:	2f 90       	pop	r2
     fd0:	08 95       	ret

00000fd2 <strnlen_P>:
     fd2:	fc 01       	movw	r30, r24
     fd4:	05 90       	lpm	r0, Z+
     fd6:	61 50       	subi	r22, 0x01	; 1
     fd8:	70 40       	sbci	r23, 0x00	; 0
     fda:	01 10       	cpse	r0, r1
     fdc:	d8 f7       	brcc	.-10     	; 0xfd4 <strnlen_P+0x2>
     fde:	80 95       	com	r24
     fe0:	90 95       	com	r25
     fe2:	8e 0f       	add	r24, r30
     fe4:	9f 1f       	adc	r25, r31
     fe6:	08 95       	ret

00000fe8 <strnlen>:
     fe8:	fc 01       	movw	r30, r24
     fea:	61 50       	subi	r22, 0x01	; 1
     fec:	70 40       	sbci	r23, 0x00	; 0
     fee:	01 90       	ld	r0, Z+
     ff0:	01 10       	cpse	r0, r1
     ff2:	d8 f7       	brcc	.-10     	; 0xfea <strnlen+0x2>
     ff4:	80 95       	com	r24
     ff6:	90 95       	com	r25
     ff8:	8e 0f       	add	r24, r30
     ffa:	9f 1f       	adc	r25, r31
     ffc:	08 95       	ret

00000ffe <fputc>:
     ffe:	0f 93       	push	r16
    1000:	1f 93       	push	r17
    1002:	cf 93       	push	r28
    1004:	df 93       	push	r29
    1006:	fb 01       	movw	r30, r22
    1008:	23 81       	ldd	r18, Z+3	; 0x03
    100a:	21 fd       	sbrc	r18, 1
    100c:	03 c0       	rjmp	.+6      	; 0x1014 <__DATA_REGION_LENGTH__+0x14>
    100e:	8f ef       	ldi	r24, 0xFF	; 255
    1010:	9f ef       	ldi	r25, 0xFF	; 255
    1012:	2c c0       	rjmp	.+88     	; 0x106c <__DATA_REGION_LENGTH__+0x6c>
    1014:	22 ff       	sbrs	r18, 2
    1016:	16 c0       	rjmp	.+44     	; 0x1044 <__DATA_REGION_LENGTH__+0x44>
    1018:	46 81       	ldd	r20, Z+6	; 0x06
    101a:	57 81       	ldd	r21, Z+7	; 0x07
    101c:	24 81       	ldd	r18, Z+4	; 0x04
    101e:	35 81       	ldd	r19, Z+5	; 0x05
    1020:	42 17       	cp	r20, r18
    1022:	53 07       	cpc	r21, r19
    1024:	44 f4       	brge	.+16     	; 0x1036 <__DATA_REGION_LENGTH__+0x36>
    1026:	a0 81       	ld	r26, Z
    1028:	b1 81       	ldd	r27, Z+1	; 0x01
    102a:	9d 01       	movw	r18, r26
    102c:	2f 5f       	subi	r18, 0xFF	; 255
    102e:	3f 4f       	sbci	r19, 0xFF	; 255
    1030:	31 83       	std	Z+1, r19	; 0x01
    1032:	20 83       	st	Z, r18
    1034:	8c 93       	st	X, r24
    1036:	26 81       	ldd	r18, Z+6	; 0x06
    1038:	37 81       	ldd	r19, Z+7	; 0x07
    103a:	2f 5f       	subi	r18, 0xFF	; 255
    103c:	3f 4f       	sbci	r19, 0xFF	; 255
    103e:	37 83       	std	Z+7, r19	; 0x07
    1040:	26 83       	std	Z+6, r18	; 0x06
    1042:	14 c0       	rjmp	.+40     	; 0x106c <__DATA_REGION_LENGTH__+0x6c>
    1044:	8b 01       	movw	r16, r22
    1046:	ec 01       	movw	r28, r24
    1048:	fb 01       	movw	r30, r22
    104a:	00 84       	ldd	r0, Z+8	; 0x08
    104c:	f1 85       	ldd	r31, Z+9	; 0x09
    104e:	e0 2d       	mov	r30, r0
    1050:	09 95       	icall
    1052:	89 2b       	or	r24, r25
    1054:	e1 f6       	brne	.-72     	; 0x100e <__DATA_REGION_LENGTH__+0xe>
    1056:	d8 01       	movw	r26, r16
    1058:	16 96       	adiw	r26, 0x06	; 6
    105a:	8d 91       	ld	r24, X+
    105c:	9c 91       	ld	r25, X
    105e:	17 97       	sbiw	r26, 0x07	; 7
    1060:	01 96       	adiw	r24, 0x01	; 1
    1062:	17 96       	adiw	r26, 0x07	; 7
    1064:	9c 93       	st	X, r25
    1066:	8e 93       	st	-X, r24
    1068:	16 97       	sbiw	r26, 0x06	; 6
    106a:	ce 01       	movw	r24, r28
    106c:	df 91       	pop	r29
    106e:	cf 91       	pop	r28
    1070:	1f 91       	pop	r17
    1072:	0f 91       	pop	r16
    1074:	08 95       	ret

00001076 <__ultoa_invert>:
    1076:	fa 01       	movw	r30, r20
    1078:	aa 27       	eor	r26, r26
    107a:	28 30       	cpi	r18, 0x08	; 8
    107c:	51 f1       	breq	.+84     	; 0x10d2 <__ultoa_invert+0x5c>
    107e:	20 31       	cpi	r18, 0x10	; 16
    1080:	81 f1       	breq	.+96     	; 0x10e2 <__ultoa_invert+0x6c>
    1082:	e8 94       	clt
    1084:	6f 93       	push	r22
    1086:	6e 7f       	andi	r22, 0xFE	; 254
    1088:	6e 5f       	subi	r22, 0xFE	; 254
    108a:	7f 4f       	sbci	r23, 0xFF	; 255
    108c:	8f 4f       	sbci	r24, 0xFF	; 255
    108e:	9f 4f       	sbci	r25, 0xFF	; 255
    1090:	af 4f       	sbci	r26, 0xFF	; 255
    1092:	b1 e0       	ldi	r27, 0x01	; 1
    1094:	3e d0       	rcall	.+124    	; 0x1112 <__stack+0x13>
    1096:	b4 e0       	ldi	r27, 0x04	; 4
    1098:	3c d0       	rcall	.+120    	; 0x1112 <__stack+0x13>
    109a:	67 0f       	add	r22, r23
    109c:	78 1f       	adc	r23, r24
    109e:	89 1f       	adc	r24, r25
    10a0:	9a 1f       	adc	r25, r26
    10a2:	a1 1d       	adc	r26, r1
    10a4:	68 0f       	add	r22, r24
    10a6:	79 1f       	adc	r23, r25
    10a8:	8a 1f       	adc	r24, r26
    10aa:	91 1d       	adc	r25, r1
    10ac:	a1 1d       	adc	r26, r1
    10ae:	6a 0f       	add	r22, r26
    10b0:	71 1d       	adc	r23, r1
    10b2:	81 1d       	adc	r24, r1
    10b4:	91 1d       	adc	r25, r1
    10b6:	a1 1d       	adc	r26, r1
    10b8:	20 d0       	rcall	.+64     	; 0x10fa <__ultoa_invert+0x84>
    10ba:	09 f4       	brne	.+2      	; 0x10be <__ultoa_invert+0x48>
    10bc:	68 94       	set
    10be:	3f 91       	pop	r19
    10c0:	2a e0       	ldi	r18, 0x0A	; 10
    10c2:	26 9f       	mul	r18, r22
    10c4:	11 24       	eor	r1, r1
    10c6:	30 19       	sub	r19, r0
    10c8:	30 5d       	subi	r19, 0xD0	; 208
    10ca:	31 93       	st	Z+, r19
    10cc:	de f6       	brtc	.-74     	; 0x1084 <__ultoa_invert+0xe>
    10ce:	cf 01       	movw	r24, r30
    10d0:	08 95       	ret
    10d2:	46 2f       	mov	r20, r22
    10d4:	47 70       	andi	r20, 0x07	; 7
    10d6:	40 5d       	subi	r20, 0xD0	; 208
    10d8:	41 93       	st	Z+, r20
    10da:	b3 e0       	ldi	r27, 0x03	; 3
    10dc:	0f d0       	rcall	.+30     	; 0x10fc <__ultoa_invert+0x86>
    10de:	c9 f7       	brne	.-14     	; 0x10d2 <__ultoa_invert+0x5c>
    10e0:	f6 cf       	rjmp	.-20     	; 0x10ce <__ultoa_invert+0x58>
    10e2:	46 2f       	mov	r20, r22
    10e4:	4f 70       	andi	r20, 0x0F	; 15
    10e6:	40 5d       	subi	r20, 0xD0	; 208
    10e8:	4a 33       	cpi	r20, 0x3A	; 58
    10ea:	18 f0       	brcs	.+6      	; 0x10f2 <__ultoa_invert+0x7c>
    10ec:	49 5d       	subi	r20, 0xD9	; 217
    10ee:	31 fd       	sbrc	r19, 1
    10f0:	40 52       	subi	r20, 0x20	; 32
    10f2:	41 93       	st	Z+, r20
    10f4:	02 d0       	rcall	.+4      	; 0x10fa <__ultoa_invert+0x84>
    10f6:	a9 f7       	brne	.-22     	; 0x10e2 <__ultoa_invert+0x6c>
    10f8:	ea cf       	rjmp	.-44     	; 0x10ce <__ultoa_invert+0x58>
    10fa:	b4 e0       	ldi	r27, 0x04	; 4
    10fc:	a6 95       	lsr	r26
    10fe:	97 95       	ror	r25
    1100:	87 95       	ror	r24
    1102:	77 95       	ror	r23
    1104:	67 95       	ror	r22
    1106:	ba 95       	dec	r27
    1108:	c9 f7       	brne	.-14     	; 0x10fc <__ultoa_invert+0x86>
    110a:	00 97       	sbiw	r24, 0x00	; 0
    110c:	61 05       	cpc	r22, r1
    110e:	71 05       	cpc	r23, r1
    1110:	08 95       	ret
    1112:	9b 01       	movw	r18, r22
    1114:	ac 01       	movw	r20, r24
    1116:	0a 2e       	mov	r0, r26
    1118:	06 94       	lsr	r0
    111a:	57 95       	ror	r21
    111c:	47 95       	ror	r20
    111e:	37 95       	ror	r19
    1120:	27 95       	ror	r18
    1122:	ba 95       	dec	r27
    1124:	c9 f7       	brne	.-14     	; 0x1118 <__stack+0x19>
    1126:	62 0f       	add	r22, r18
    1128:	73 1f       	adc	r23, r19
    112a:	84 1f       	adc	r24, r20
    112c:	95 1f       	adc	r25, r21
    112e:	a0 1d       	adc	r26, r0
    1130:	08 95       	ret

00001132 <_exit>:
    1132:	f8 94       	cli

00001134 <__stop_program>:
    1134:	ff cf       	rjmp	.-2      	; 0x1134 <__stop_program>
